CONTROL_NUMBER,TARGET_B
122653,0
184239,1
5172,0
135377,0
62119,0
163194,1
159851,0
92024,0
93637,0
36893,0
22743,0
101337,0
22258,0
60184,1
51718,0
178919,1
189258,1
84678,0
43311,0
73682,0
28266,0
168633,0
38561,0
56912,0
141056,0
151575,0
118937,0
56321,0
190064,0
167580,1
148049,1
168259,0
167794,0
70301,0
15600,0
75515,1
79920,1
110814,0
159879,0
113106,0
153466,0
29334,0
55755,1
177009,1
107720,1
107413,1
132702,0
22262,0
35493,0
62426,0
98459,0
185687,0
80818,0
168507,0
58019,0
183816,1
153880,1
122716,0
187157,1
72667,1
55101,1
27041,0
107159,1
30861,0
19241,0
106382,1
80118,1
96589,0
100276,0
165838,0
120800,1
56451,0
87401,1
17882,0
135454,0
116262,0
71449,0
52768,0
155086,1
141582,0
36809,1
168599,1
71078,0
182955,0
29366,0
106235,1
123051,0
173688,1
145134,1
88662,1
93356,1
5478,0
133259,1
63021,1
69416,0
169198,0
160275,0
29722,0
25750,0
59808,0
16422,0
31685,0
96644,0
157665,0
69054,0
45856,0
18770,0
128870,0
83870,1
183868,0
126862,0
70062,0
53142,0
12147,0
30398,0
122466,0
145480,0
179673,1
68556,1
22038,1
143295,0
189649,1
19807,1
169179,0
82121,1
41222,0
98165,1
43095,0
12695,0
138173,1
148079,1
156457,0
99617,0
60764,1
44083,0
111886,1
27039,0
1902,1
187911,0
4254,1
154367,0
138999,0
91881,1
69477,0
13743,0
71186,1
103989,0
89922,0
69576,0
124322,0
139456,1
21720,1
24305,1
184075,0
139597,1
143008,1
1975,1
149896,0
181337,1
91421,0
12676,1
191125,0
165996,1
133315,1
106248,0
46415,1
36354,0
170939,1
62721,1
167488,1
68679,1
49408,1
58412,1
48506,0
191047,1
150172,0
94594,1
69149,1
121978,0
7300,0
3273,1
40006,1
17859,0
73754,0
143130,0
131229,0
123124,0
52222,0
132212,1
148636,0
17517,0
69235,1
100775,0
21170,1
26194,0
75247,0
65297,0
58891,1
186232,1
75609,1
16733,1
164704,0
18508,0
182890,0
25237,0
138925,0
124903,1
178290,1
80995,0
174956,0
93636,0
112889,0
119315,0
117186,1
135296,1
19068,0
36238,0
100543,1
11267,0
76470,1
183007,0
40383,0
316,1
128934,0
3931,0
53965,0
86666,0
66783,0
7245,1
146487,1
118312,0
47641,0
169700,0
78798,0
160938,0
4503,0
69297,0
187082,1
2393,1
112632,1
36228,0
168238,1
105306,0
75502,0
80236,0
166902,0
51835,0
132692,0
144694,0
81055,1
84199,0
143003,0
18345,0
148166,0
176701,0
80533,1
28381,1
64224,1
122594,0
146703,0
77011,0
13617,1
13027,1
54347,0
43884,1
119620,0
31183,1
160667,0
157295,0
12192,0
10347,0
73699,1
131954,0
44817,0
177556,1
122218,1
98793,0
154483,1
27271,0
34020,0
117595,0
11533,1
63858,1
100263,0
159014,0
83486,0
106271,1
114799,0
143405,0
61989,0
40154,0
80020,0
92817,0
191138,0
158849,1
28890,0
106517,0
138635,1
155763,0
170473,0
86351,0
186197,1
56762,0
177429,1
73881,0
158476,1
48806,0
174984,1
34853,0
24129,0
51269,1
142564,0
163465,0
156602,0
179928,0
56060,0
185338,0
20697,0
179794,0
149969,0
166600,0
79930,1
97736,0
130265,0
139478,0
90291,1
68808,1
145145,1
104467,1
157565,0
142288,0
92183,1
121019,0
79804,1
90483,1
12573,1
101090,0
155382,1
18177,0
182853,0
119686,0
38249,0
81105,0
185473,0
159588,0
164133,0
67808,0
139379,0
182144,0
71828,0
85207,0
114574,0
53924,0
21204,1
43537,0
79602,0
116232,1
42399,0
87182,1
84417,0
94201,0
44765,1
4739,0
74990,0
108602,0
159290,1
112023,0
105042,0
176825,0
24713,0
106530,0
36065,0
93534,0
19829,0
142917,1
166735,0
65013,0
181671,0
52761,0
183375,0
106389,0
31007,0
18921,0
62249,0
131188,0
165496,1
63292,0
88864,1
16450,0
21782,1
121478,0
180449,0
87037,1
164329,0
142579,1
86318,0
104848,1
60122,1
137667,0
147587,0
167899,1
132251,0
64938,0
139411,1
29875,0
34808,1
133955,0
72109,0
117008,0
3698,0
108166,0
138443,0
176965,0
174821,0
177017,0
163709,0
164505,0
171785,1
149033,0
61173,0
129672,0
144026,0
29070,0
126423,0
142514,0
19086,1
167202,0
159209,1
130254,0
67897,0
123184,0
1485,0
109759,0
8536,0
103979,0
177699,1
54308,0
102292,0
27987,0
72123,0
182519,0
116505,0
33429,0
139897,0
33444,0
166507,1
9866,0
94213,1
116267,0
220,1
2499,0
179021,1
100932,0
85550,0
83585,0
164551,1
185972,0
135343,0
77800,0
142203,0
38174,0
75179,0
189706,0
10491,1
93379,0
106330,0
77703,1
71523,0
52350,1
123972,1
27506,0
634,1
30067,0
35069,1
38098,1
120394,0
54369,0
63286,0
38777,0
22206,0
27532,0
144926,1
109028,0
168426,1
155555,1
149414,1
11907,1
54227,0
95762,1
12887,0
53557,0
18611,1
18664,0
107787,1
12394,0
179376,0
56367,1
168102,0
129155,1
23905,1
115269,1
182035,0
124530,1
28682,0
23657,0
17878,0
28040,0
45551,0
29124,0
103001,0
74819,1
112304,0
138758,0
56169,0
1635,1
149295,0
9358,0
45294,1
42898,0
50204,0
58318,0
143489,0
176221,1
84618,0
121744,1
85472,0
47420,0
13196,1
188999,1
164897,0
75910,0
47508,0
69607,0
1703,1
743,1
77458,0
157536,0
88361,0
124271,0
108397,0
149470,0
125503,0
163323,0
113951,0
94524,1
163697,0
143565,0
133295,0
84213,1
28946,0
165746,1
157398,1
148396,1
69411,0
31163,1
158843,1
95151,0
126329,0
154245,0
40012,0
112101,0
110257,1
113264,0
65635,0
145885,1
174267,0
2797,1
126921,0
40388,1
80143,0
96814,0
145026,0
125986,0
104533,0
151452,0
141266,0
129185,0
139914,0
153855,1
22416,0
48674,1
28668,0
136365,0
78951,1
75153,1
55282,1
51424,1
122256,1
15704,0
147320,0
26766,1
150067,0
189797,0
83060,1
6985,0
188284,0
9045,0
30546,0
188980,0
103775,0
77896,1
116588,1
164733,1
60897,1
61220,0
7492,0
41297,0
29141,0
120783,0
101554,0
11094,1
41901,0
52759,0
38692,0
141243,0
135983,1
21135,1
9650,0
148737,0
189611,0
176157,1
43397,0
173462,0
22438,0
44582,1
117970,0
139030,0
181203,0
53329,0
34863,1
16344,0
174576,0
131298,0
152104,0
101614,0
24975,0
174806,1
101263,0
174271,1
146036,1
32330,1
50122,1
34697,0
95802,0
49318,0
110581,1
183722,0
128792,0
66797,1
53091,1
65578,0
25792,0
128361,0
154274,0
135571,0
56733,0
7991,0
46435,0
77862,1
161463,0
136271,0
153864,1
88771,0
129200,0
108650,0
7637,0
131394,0
150421,0
162533,1
124624,0
28676,0
60248,0
116526,1
148025,0
157307,0
178715,1
53340,0
118831,0
160231,1
84101,0
94289,0
166475,0
134114,1
173508,1
3122,0
24869,0
70532,0
111210,0
32791,0
727,1
28746,0
175700,1
67621,0
187168,0
172332,0
154571,0
24204,0
151192,1
16574,1
36673,0
141666,1
44888,0
44989,0
114401,1
16723,0
17255,1
75416,1
32753,0
127313,0
52903,0
105083,0
187289,0
82848,0
176120,1
102742,1
37401,1
79180,0
138944,0
24310,0
135230,1
187638,1
19812,1
172171,0
53764,0
105415,0
55403,0
149319,0
28432,0
85329,0
29936,0
182883,1
36353,0
106053,0
52224,0
78594,1
24281,1
162087,0
172938,0
24386,0
151054,0
21624,0
57072,0
156233,0
113064,0
13269,0
91163,0
96169,0
156568,1
130658,1
133236,0
61078,0
38997,0
151738,1
167755,1
166270,0
86578,0
150933,1
28124,0
97100,1
66127,0
93883,1
136708,0
38036,0
123055,1
13999,0
172512,0
133564,0
129541,1
100218,1
8684,0
114613,0
130042,0
70117,0
7330,1
177837,0
65650,1
17217,0
82628,0
696,1
142479,0
145895,0
86235,1
36776,0
13082,0
93195,0
89680,0
156485,0
139399,0
142047,0
7178,0
35720,1
75461,0
83490,0
58203,1
88410,0
167054,0
127878,0
33769,1
152497,0
101004,1
32210,0
37833,0
182743,1
74706,0
147726,0
45971,0
78978,0
80036,1
144076,0
127823,1
124979,0
69266,1
12597,1
139772,0
109986,0
14770,0
22622,0
122353,0
181001,1
18568,0
31065,0
83908,0
170804,1
97295,1
186060,1
154374,1
51844,0
146649,0
66564,0
174249,0
121424,0
30934,0
167799,0
73301,0
124485,0
170649,1
120461,0
146585,1
24529,0
181698,1
93537,0
63507,0
146395,0
96548,1
5583,0
165965,1
78612,1
61298,1
4513,0
183275,1
159821,0
151560,0
53715,0
190626,1
47106,0
32694,0
161980,1
77708,0
31416,0
149516,0
58786,0
122823,0
53013,1
175951,0
49925,0
119615,0
17440,1
86658,0
45116,1
146241,0
77495,1
151122,0
111380,0
62966,0
96108,0
12616,0
109709,0
63290,1
175902,1
30804,0
99544,0
110094,0
154851,0
107472,0
43235,0
186170,1
102022,0
188835,0
60401,0
179563,1
185775,1
114531,1
41448,1
179358,0
183972,0
55726,0
101110,0
42515,1
140012,1
191516,0
79086,1
183849,0
4657,1
4594,1
57993,0
44248,1
140331,0
107316,1
94369,0
10800,0
427,1
159750,0
73399,0
19817,0
173443,0
46419,1
172475,0
22782,0
182397,0
39632,0
661,1
26587,0
13424,0
186882,1
37785,0
42574,1
153238,0
119159,0
69583,0
65740,0
154181,1
88222,1
81319,0
183993,0
176878,0
124554,0
142487,0
154315,0
177093,1
172031,0
7265,0
170714,1
58560,0
24277,0
58156,0
8518,1
150732,0
121971,0
117483,0
181167,0
20583,0
70814,0
84248,0
133534,0
39881,0
177543,0
59648,0
76711,0
147913,0
61711,0
63267,0
39257,0
166416,0
103448,0
157988,0
132636,1
152318,1
50276,0
88055,1
92264,0
40943,0
78588,1
95301,0
44406,1
80993,0
80856,0
167838,1
155541,1
181799,0
36530,1
107486,1
150081,0
187274,0
135239,0
120197,1
171143,1
80437,0
109451,0
182459,0
183374,1
189882,0
92525,0
186293,1
88627,1
94218,1
159130,1
71938,1
63000,0
72851,0
102099,0
12965,0
30331,0
186793,0
141179,0
96556,0
171396,1
170067,0
61026,0
102134,0
89528,1
176661,0
167579,0
3615,0
58499,1
80999,0
75668,1
114162,1
54905,0
69086,0
82447,1
190477,0
102207,1
81404,0
14279,0
58597,0
140084,0
164727,1
28337,0
90967,0
189554,0
73381,0
169540,0
147260,0
13249,1
83708,0
150822,0
164923,1
161759,0
164032,0
8938,0
105383,1
108087,1
73928,0
135785,0
59994,1
23270,0
99774,0
22106,0
80797,0
93993,1
5424,1
147406,0
58150,1
168492,0
113797,0
95590,1
40105,0
38685,1
185934,0
21657,1
111488,1
160292,0
104534,0
13890,0
64899,1
190614,1
47610,0
27310,0
70479,0
7082,1
21855,0
178009,1
47111,1
11833,1
162910,1
9874,1
78116,1
151955,0
151854,0
59304,1
66225,0
14873,1
162650,0
78377,0
20752,0
23932,0
132179,0
10031,0
102497,0
98113,0
169048,0
80227,0
46657,0
85804,0
162342,1
110476,0
80256,1
2233,1
4052,1
90990,0
140181,1
100640,0
121026,0
11180,0
1722,1
96417,0
36187,0
123466,1
148699,0
159533,0
57643,1
181007,0
104755,0
150144,0
4726,0
157529,0
177636,1
1909,1
29663,1
113315,0
139470,1
185460,1
72682,0
48567,0
107815,0
147936,1
79108,0
53572,1
64906,0
179309,0
26680,1
161931,0
30903,1
5610,0
44431,0
88690,0
48006,0
25428,0
104541,0
179655,1
175731,0
16774,0
1985,0
108698,0
98921,0
86042,1
81463,0
21132,0
24387,0
53286,1
166029,0
169221,0
110203,1
184098,1
106737,0
96998,1
20551,1
137671,0
6232,1
48497,1
75790,0
148740,0
67988,0
257,0
123667,1
76626,0
56040,0
105815,0
72585,1
133310,0
151150,0
38946,0
182439,0
122735,0
18586,0
83128,0
172956,1
42884,1
163304,0
188896,0
90000,1
74810,0
171358,0
118890,0
140134,0
176782,0
185053,1
54971,0
134920,0
126513,0
95071,1
141834,1
109462,0
118099,0
75238,0
143496,0
106965,1
90842,0
23732,1
134637,1
102971,0
109194,1
67159,0
84100,0
158822,1
98248,0
30779,0
86891,0
31017,0
14981,0
142421,0
163949,1
54762,0
11062,0
114263,0
154464,0
137178,0
149595,1
172730,0
30051,1
141276,1
137998,1
155567,0
127707,0
35300,0
175253,0
142783,0
174693,0
82594,0
76268,1
66187,0
1962,0
140698,0
6050,1
2451,1
37065,0
159458,0
187686,0
21463,1
47709,0
61275,1
141315,1
24330,0
191524,0
77751,0
77279,1
147649,0
124545,0
87217,1
153623,0
123266,0
54553,1
54859,0
95261,1
118748,0
122711,1
177719,0
183370,0
152181,0
161237,0
69819,0
148840,1
74782,1
12900,1
27753,0
161093,1
23022,1
49055,0
45377,0
160930,0
56441,0
55138,0
98249,0
142582,0
112750,0
52415,0
187380,0
17384,1
126563,1
145724,1
22645,1
46422,0
187755,1
179444,1
164160,0
5291,0
15979,0
106887,0
120665,0
162945,0
16011,0
23436,1
66257,1
84373,0
52132,1
189237,1
675,0
106285,0
25357,0
129578,0
98901,0
41477,1
99986,0
108583,0
30898,0
116757,0
99201,0
119355,0
3965,1
174659,1
36963,1
167748,1
140377,0
138841,1
162392,0
182679,0
186146,1
140958,0
132907,0
4300,0
14831,0
32841,1
90532,0
88363,0
79725,1
130888,0
41357,0
183372,1
54775,0
124729,1
1920,1
35947,1
125552,0
118905,0
145838,0
93310,1
23934,0
8438,1
182840,0
71198,0
180787,0
162341,0
20189,0
17567,1
56779,1
181611,0
172232,0
149622,0
96014,1
45206,0
141551,0
11971,1
57755,1
62115,0
169603,0
162140,1
171214,0
6054,0
168188,0
73079,0
20704,0
189465,0
59354,1
20188,1
22161,0
29418,0
3070,0
73740,0
186764,1
181438,0
99890,0
3412,1
127796,0
12547,0
166278,0
175155,0
10553,0
41463,0
186530,1
155091,0
124189,0
20641,0
104687,0
17532,0
14501,0
119356,1
75425,0
130357,0
162497,0
14621,0
60922,1
45201,1
48274,0
142163,1
62288,0
44419,1
60337,1
46136,1
88508,0
184615,1
134553,0
161856,0
32975,0
84024,0
76437,0
144859,1
176740,0
121638,1
130764,1
20881,0
140577,0
141891,0
111983,0
98448,0
106425,0
133314,0
138277,0
111017,0
7494,1
28164,0
10952,1
2931,1
112118,0
101385,0
111295,0
38857,0
3651,0
40520,0
54041,0
112594,0
105412,0
91223,0
184056,0
27597,1
57349,1
10907,1
123938,0
39665,0
22046,0
150639,0
171365,0
108158,1
109235,0
184406,0
18019,0
116653,0
187968,1
50200,0
132917,1
49223,0
147469,0
85966,0
57407,0
117673,1
60512,0
24016,0
47827,1
185467,1
176931,0
14615,0
149538,0
137540,1
148015,1
155224,0
143213,0
106424,0
59699,0
140625,0
131971,1
137529,1
114322,1
43119,1
12201,0
99219,0
69834,1
84276,1
64188,0
189018,1
8951,1
37250,1
178981,0
70819,0
163168,0
136011,0
48234,1
114676,1
183839,0
100287,1
162340,1
152299,0
34917,0
38105,1
11719,0
151819,1
13640,0
42033,0
136299,0
143292,1
7452,0
85931,1
102694,0
146339,1
50220,1
70366,0
137253,0
82446,0
133161,0
69745,1
174470,1
76105,0
79850,0
97937,0
36792,0
27070,0
153941,0
182356,0
128235,0
120249,0
73053,0
185517,0
58075,0
79389,0
154027,0
63135,1
158679,0
184655,0
172128,1
93572,1
127879,0
154859,1
175226,1
153445,0
21838,0
159482,0
2678,1
170825,0
24212,0
177087,0
109225,0
174948,0
144110,0
90566,0
171979,1
35538,1
33115,0
62281,0
43409,1
132735,0
130369,0
15256,0
105436,0
43100,1
24121,0
166606,1
63380,0
23234,0
15780,0
36587,0
188164,1
50027,0
20347,0
4463,1
5496,0
88838,1
6777,1
178122,1
23839,0
92052,0
98335,0
5003,1
158169,0
139887,1
174373,0
132660,1
142187,1
28610,0
63383,0
125599,1
23506,0
178237,1
104614,1
122506,1
7485,0
135413,0
5759,0
85457,0
75481,0
173948,0
130160,0
115034,0
145231,1
109005,0
7590,0
78199,0
124768,0
186993,1
174551,1
56470,1
177894,1
91964,0
38181,0
130734,0
101098,1
123699,1
151973,0
27659,0
20083,0
90057,1
66209,0
36139,0
27504,1
24132,0
121803,0
103174,0
26251,0
20245,0
57195,0
79032,0
99543,1
56795,1
73873,0
164513,0
60610,0
33192,1
84886,0
82698,0
4393,1
142359,0
26206,0
177937,0
53863,1
135900,0
135722,1
154301,0
30371,0
52804,0
157318,1
122988,1
87229,0
113254,0
14916,0
63951,0
21341,0
176092,0
82981,0
37221,1
17006,0
104598,0
165508,0
98565,0
175198,0
62136,1
186731,0
646,1
104401,1
139220,1
79085,1
56831,1
74780,1
1709,0
134619,1
52196,0
31073,1
183528,0
136349,0
187169,0
74277,0
110951,0
71279,1
1431,0
104969,1
161374,0
171655,0
93025,0
136747,1
180408,0
71153,0
103144,0
187543,0
19686,0
181124,0
116325,0
188396,0
67368,0
97221,0
96003,1
77848,1
188645,0
191007,1
32278,0
44442,1
1505,1
64727,1
107040,1
113879,0
176188,1
167720,1
99484,0
82610,1
93602,0
2491,0
86665,0
130507,0
146106,0
42024,0
83806,1
156876,1
105275,0
145392,0
168696,0
78179,0
82050,1
178423,1
160869,1
76578,0
190615,0
15467,1
52230,1
175112,1
47617,0
168393,0
147206,0
36714,1
92500,0
53327,0
58145,0
177990,0
161849,0
134005,1
114721,1
35298,0
182115,0
99382,0
7118,0
21305,0
66569,0
53384,0
19097,0
68088,0
137870,0
67496,1
7080,1
74436,0
12011,0
9576,1
167093,1
49984,0
39496,0
163758,0
117464,0
47914,1
17093,0
59862,0
156821,0
28061,1
124980,0
147162,1
191779,1
88145,1
111419,1
140461,0
179716,0
71376,1
64083,0
189264,0
189958,1
2749,1
110755,0
106455,0
898,0
150158,0
56398,0
121869,0
57705,1
165857,1
177053,0
119576,1
29483,0
58269,0
118673,1
7676,0
148991,0
73954,0
102361,0
127178,0
21739,0
37764,0
165066,1
13030,0
105300,1
67906,0
21933,0
111603,1
170317,0
92981,0
120972,1
148412,1
187251,0
118527,0
9049,0
13551,0
96813,1
170849,0
154839,0
45666,0
176261,0
89856,0
189631,0
176637,1
74737,1
92787,0
146869,1
124785,0
175520,0
52847,0
130262,1
19495,0
105616,1
178519,1
173953,0
84745,0
147692,0
85487,1
181761,0
186929,0
19440,0
82770,0
83279,1
4755,0
84210,0
128565,0
84961,1
126945,0
171788,0
101855,1
76150,1
92058,0
68022,0
131100,0
38743,0
4200,1
118554,0
47404,1
51469,0
142470,1
119190,0
52476,0
92508,0
187298,0
117825,0
140304,1
110538,0
108781,0
173616,0
68270,0
102016,0
138991,0
147820,0
58043,0
12655,0
11921,1
26878,1
120639,0
188727,1
138000,1
87508,1
20751,1
157036,1
93759,0
44500,1
142321,0
67077,0
33314,1
50614,0
134881,0
182279,0
151546,0
104705,1
68441,0
109502,0
53281,0
5953,0
37528,0
7402,1
114694,1
100550,0
141742,0
116062,0
110547,0
139420,0
9816,0
102741,0
57613,1
36710,1
151768,0
76612,0
148351,1
111219,0
91835,1
110706,0
162209,0
99898,0
36528,0
17761,1
544,0
127034,1
119383,0
6064,1
111545,0
179249,0
110774,0
95938,0
25106,0
114579,0
45368,0
49276,0
47869,0
78180,0
76128,1
172095,0
111732,0
88807,0
172018,0
177516,0
83668,0
71132,0
133059,0
152287,0
105296,0
166546,0
164961,1
33525,0
126994,0
182608,1
45532,1
42419,0
18543,0
117639,0
88588,1
182286,0
173232,0
119156,1
163783,0
134773,0
102181,1
31217,0
56124,0
43066,0
130568,0
86804,0
2510,1
31400,1
92348,1
181408,1
86818,0
115431,1
168603,1
85113,0
80035,1
170860,0
54959,0
89686,1
91134,0
72409,0
16126,0
153521,0
151614,0
45605,0
26272,0
43788,0
190412,0
151995,1
186880,1
51149,1
28849,0
109449,1
140662,0
114598,1
140688,0
55091,1
118401,1
83073,0
145855,1
121193,0
186240,1
164188,0
110519,0
137695,0
8305,0
162494,1
48822,1
111708,1
155149,0
136025,0
153185,1
44940,0
78707,1
157108,0
106958,0
157518,1
43595,1
104039,1
131106,0
91987,0
148852,0
71639,1
101511,0
46474,0
64844,0
146827,1
124384,0
49444,0
81985,0
36371,0
183399,0
59999,0
92861,0
83131,0
150844,1
75537,0
107204,0
108919,0
149285,1
17363,0
186472,0
178618,0
11395,0
105768,0
11143,1
124251,0
124787,0
88848,0
174991,0
132336,0
191418,1
40055,0
101689,0
153175,0
142830,1
28406,1
47276,0
108050,0
72139,0
58835,1
10248,0
171328,1
168234,1
54035,0
98873,0
52825,0
149741,1
94547,0
190018,0
2194,1
112319,0
43706,0
35839,0
66013,0
125289,1
99255,0
72875,0
182803,1
46170,0
158866,1
88954,0
17021,0
169437,0
168956,0
97641,1
161753,1
20015,0
152376,0
106686,1
188812,0
133822,0
161218,1
57057,0
77650,1
76704,0
182314,0
109208,0
49256,0
167733,0
113775,0
90092,1
5681,0
162373,0
177640,0
135675,0
165556,1
156572,1
111906,0
55341,0
16657,0
24123,0
108918,1
10399,0
34120,1
65322,0
24667,1
151484,1
3312,1
54696,0
158213,1
32282,0
34719,1
151332,0
70165,0
62613,1
147634,0
155259,0
183081,1
67102,1
102896,0
82479,0
41288,1
98376,0
11115,1
116253,0
173559,1
25020,0
125147,1
21484,0
112479,0
10614,0
11952,0
177421,0
71388,0
121292,0
70566,0
98447,1
41065,0
190671,1
141505,1
99561,0
92121,0
139857,1
21297,1
187855,0
3769,0
190313,1
116525,0
185505,1
152714,0
124531,0
31156,0
54795,0
13574,0
149848,0
92135,0
182105,1
100981,0
190730,0
136597,1
130969,1
4390,1
126987,1
14233,0
46223,0
170123,0
94486,1
171528,0
15277,1
60176,0
187712,1
25759,0
110189,1
183564,1
119345,0
41022,0
2950,0
132822,0
26475,0
65557,1
77157,1
163233,0
90108,0
27332,1
45878,0
105641,0
136790,1
6170,0
75105,1
112172,0
107327,1
187748,1
24396,1
137279,0
156344,1
142171,1
166101,0
47821,0
116309,0
75613,0
36518,0
115341,1
112182,0
178085,0
96314,0
137680,0
33731,0
70484,0
186989,0
21969,0
126553,1
6009,0
47251,1
74825,1
75019,1
171445,0
131468,0
43532,0
178179,1
131423,0
83933,0
165990,0
77,1
65239,0
107170,0
120790,0
45798,0
34849,0
118186,1
149773,0
125444,0
101553,0
153871,0
125401,0
167357,0
158503,1
111203,1
157104,0
156428,0
64248,0
174908,1
16906,0
90601,0
78643,0
1092,1
190778,1
81173,0
44605,0
54794,0
123669,1
96505,0
165283,0
116968,0
7804,0
156734,1
142895,0
65634,0
152754,0
37581,0
177119,1
147316,1
64113,1
161733,0
75152,0
182993,0
121890,1
37117,0
186501,1
26712,0
93361,0
152784,0
29010,0
137510,1
123146,1
156505,1
172638,0
72304,0
54942,0
29236,0
119474,0
92328,0
114339,0
133038,0
131921,0
123109,1
149138,1
56863,0
98390,1
80378,0
112535,0
54142,0
98317,0
162867,0
117271,0
99308,0
172005,0
34319,0
59584,1
107684,0
143501,0
163352,0
189806,0
124143,1
8013,0
13655,1
2846,0
56423,0
151504,0
119974,0
71342,0
183207,0
49960,1
168228,1
111485,0
170215,1
53389,0
121070,1
41643,0
62311,0
14259,0
138484,1
176032,0
79080,1
118639,0
74043,1
138378,0
89734,0
120658,0
172033,0
67,1
55837,0
90070,0
79757,1
72850,0
68981,0
35660,1
81355,0
89683,0
132272,0
64975,0
88405,1
9561,0
43753,0
4767,1
58117,0
61975,0
136313,1
184175,0
152412,0
65513,0
109436,0
28988,1
79527,1
189188,1
57462,1
166261,0
64874,0
162547,1
113426,0
43647,0
150040,0
12737,0
97227,0
3691,0
103468,0
21869,0
119402,0
184395,0
2058,1
137072,0
131832,0
114127,0
56773,0
27824,1
59696,0
7592,0
119149,0
51133,0
178689,0
103178,0
23211,0
163356,1
49059,0
14268,0
153499,0
148523,1
115611,0
140742,0
50203,0
67044,0
6348,1
85567,0
115289,0
97879,0
44922,0
182385,0
99697,0
6615,1
65454,0
86478,0
79532,0
5492,1
104605,1
156112,1
15066,0
150036,0
37028,1
142009,0
141593,1
24663,1
117279,0
39306,0
180342,0
89696,1
66440,0
5592,1
174286,0
28909,0
144670,0
121446,1
125180,0
135809,1
51846,0
1928,1
133049,0
175782,0
70195,0
26887,0
152617,0
22458,0
50899,0
157311,1
88822,0
65689,0
26378,1
132517,0
9455,1
116131,1
186817,0
77534,1
112920,0
102521,0
21034,0
34718,0
68297,0
118564,1
94884,0
167763,0
7173,1
146462,0
117103,0
169465,1
78316,0
190553,0
115766,0
165366,1
62482,1
143223,0
2964,1
32390,0
57052,1
69893,0
17145,0
59468,0
168368,1
122944,0
123604,1
138977,0
64776,0
124484,0
10434,0
170448,0
71579,0
113144,1
64161,0
151702,1
93609,0
164989,0
163660,0
124920,0
184913,0
46129,1
150838,0
50230,1
70061,0
161514,1
85759,0
39174,1
46409,0
180258,0
117813,0
111597,0
27835,0
153353,0
75422,1
109176,1
151596,0
10319,0
129225,0
68657,1
139141,0
166787,0
26607,1
124944,0
189705,0
163018,1
38327,0
77918,0
172088,0
165819,1
76632,1
81694,0
46844,1
112387,1
102090,0
148328,0
63813,1
8736,1
159777,0
43769,0
44900,0
148841,0
87490,1
154067,0
41103,1
155381,0
110308,0
33183,0
13434,1
85242,1
70976,0
144766,0
88017,1
171385,0
182908,1
25690,0
81695,0
37268,0
171989,1
165422,1
8084,0
43562,0
78669,1
77630,0
43974,1
37709,0
187701,1
34592,0
14552,0
18511,0
71172,0
175996,0
57593,1
21003,1
39612,0
140489,1
34437,0
29205,0
144676,1
138889,0
170563,1
63572,0
54127,0
114747,0
86466,1
56609,1
92200,0
114145,0
43634,1
101938,0
176296,1
142790,0
92664,0
115186,0
82212,1
161625,0
144963,1
57119,0
85941,0
185983,1
126299,0
89195,0
185540,0
127921,0
67039,0
181140,0
41537,0
105268,0
48277,0
104709,0
616,1
51441,1
92474,0
56339,1
162259,0
34957,1
46274,0
53268,0
162849,0
20612,0
114575,0
20759,0
30047,1
3660,1
36457,0
167401,0
35363,1
99338,1
12005,0
81483,1
117298,1
144399,1
62056,1
66701,1
63186,0
121310,0
64015,1
25635,0
48003,0
21335,0
14272,0
154799,0
51022,0
183935,0
158977,1
62827,0
4804,1
43020,0
140001,0
122348,1
163289,1
63430,0
43013,0
82407,0
186251,1
88047,0
101116,1
170219,0
70835,0
17235,1
184486,0
46541,1
52938,0
145809,0
135552,0
19652,0
165378,1
86000,0
156179,0
107951,1
182324,0
57419,0
96140,0
152723,1
62133,0
68222,0
85853,0
76609,1
176053,0
88359,1
154055,1
74910,0
39050,0
62279,0
18428,0
17503,0
172635,1
140523,0
62687,0
79764,0
178968,0
70039,0
67890,0
75801,1
139059,0
32552,0
115585,0
108197,1
110799,0
177076,1
40576,0
72975,0
20865,0
77486,1
185052,1
27640,0
54085,0
5272,0
19301,1
112483,0
49195,1
66300,1
2853,1
86323,0
135336,0
25734,0
87485,0
50144,0
127759,0
189199,0
127399,0
165109,0
158082,0
20593,0
65512,0
106300,0
120756,0
71028,0
36008,0
153427,1
141159,0
4590,0
124128,1
93242,0
61776,0
35419,0
177458,0
123478,0
184696,1
57488,0
10631,1
55160,0
117179,1
123822,1
137845,1
23640,0
123088,1
75125,1
76540,0
159922,0
167495,0
27108,1
109520,0
158355,0
111236,0
174428,0
157100,1
97596,1
92254,0
3099,0
54849,1
137017,0
150802,1
28596,0
20029,0
33922,0
1731,1
98180,1
171700,0
60615,0
153725,0
183096,0
105718,0
85059,1
18584,1
187121,1
162958,0
163267,0
55621,0
102079,0
77252,0
5420,1
90120,0
22170,0
149499,0
42713,0
1863,1
65181,0
89210,1
109292,1
66006,0
125230,0
57492,0
180280,1
183244,0
178456,1
162762,0
182469,1
15737,1
61616,0
111281,0
10719,0
56674,0
88162,0
156959,1
113830,0
12220,0
156929,1
154511,1
54121,0
189494,1
101498,0
139316,0
145060,0
157657,0
190355,0
161464,1
105608,0
49049,0
29501,1
157510,0
187343,1
82065,1
78455,1
78841,0
152708,0
37593,0
177861,1
59167,0
99761,0
146271,1
40516,0
88353,1
148520,1
88417,0
106877,0
70803,1
37603,1
156954,1
28045,1
160178,0
55484,0
131419,0
170169,0
121909,0
162055,0
187906,1
107321,0
185937,1
38472,1
150595,1
38581,0
187696,0
175248,1
157754,1
172802,0
3550,1
17881,0
181860,0
12621,1
159640,0
188225,1
56834,0
80774,0
7900,1
72204,1
41275,1
64444,0
55209,0
150839,0
35205,0
134012,0
75158,0
19363,0
7169,1
156559,1
167418,1
125086,1
118574,0
177329,0
29047,0
11561,1
134216,0
143998,1
125913,0
37427,0
131087,0
27002,0
108475,0
11254,1
26410,0
157204,0
117953,0
80325,0
41936,1
67422,0
77430,1
137971,0
179751,0
161627,1
184277,0
16837,0
142432,0
150076,1
173165,0
78030,0
68352,0
5604,1
8384,0
155478,0
41834,0
6599,1
149413,0
101856,1
80216,1
112375,0
83446,0
78994,0
143095,0
68274,0
62742,1
74707,0
127963,0
41488,0
92338,1
42878,0
100789,0
181460,0
97191,0
67013,0
129284,0
171512,0
76996,0
88196,0
168422,1
53158,1
63793,0
108156,0
137551,0
103111,0
157709,0
32634,1
144050,0
48522,0
151491,1
81823,0
115956,1
97829,1
34098,0
103856,1
100265,0
79774,1
95386,1
101302,0
135438,1
31616,0
176529,0
140674,1
113629,0
45680,1
44269,0
74276,0
23659,0
166031,0
185440,0
181476,0
74958,0
72153,1
188804,1
185925,1
35550,1
17478,0
75911,0
34883,1
36480,0
36034,0
67389,1
55870,1
1959,1
98008,0
87584,1
61908,0
104843,1
184092,0
164289,1
61808,0
152527,0
62084,1
159180,0
62374,0
139924,0
188721,0
81806,0
70504,1
97416,0
106583,0
80812,1
14468,0
42931,0
158816,0
24610,1
113071,0
89954,0
180501,1
116420,0
174426,0
152986,0
105331,0
139628,0
89586,1
175890,0
86713,0
130084,1
109624,0
79528,0
55482,1
80362,0
69963,0
56318,1
154127,1
14064,0
94205,1
70335,1
128807,1
20012,1
184221,0
9535,0
50307,0
75777,0
79361,0
88489,1
62624,0
164354,0
17060,0
9230,0
140456,0
144673,0
177151,1
153528,1
185780,1
7301,1
86353,0
19608,0
95806,0
112633,0
56599,0
14984,0
114913,0
28854,0
92864,0
147119,0
31887,1
104259,0
178563,1
63113,1
85777,0
143518,1
14591,1
63457,0
52481,0
26675,0
47180,0
179555,1
98355,0
119080,1
179225,1
23039,0
114109,0
52307,0
24576,0
182697,0
172866,1
128194,0
41905,1
153853,0
62506,0
96481,1
138945,0
7127,0
122295,0
137424,0
80301,0
117054,0
191649,0
1030,0
185305,1
91242,0
35264,1
116715,0
44788,0
187611,1
165060,0
99722,1
141992,0
91715,0
163369,1
74201,0
143351,1
189251,0
163144,0
10489,1
89546,0
88198,1
162352,1
61039,0
179644,0
75992,0
169350,0
16785,0
128943,0
179359,1
140217,0
61492,0
113984,0
116290,0
25817,0
113511,1
183987,1
9605,1
35751,1
43983,0
92777,1
119868,0
88003,0
26052,0
185689,0
173300,0
141786,1
130936,0
166137,0
86192,0
113710,0
67397,1
133430,1
160610,0
173080,1
129389,0
77051,0
122856,1
53763,1
187501,1
22749,1
26045,0
171570,0
16136,1
24659,0
98672,1
136297,0
181296,0
39570,0
41322,0
108263,0
116814,0
99647,0
173933,0
107510,1
27673,1
188078,1
25073,0
176695,0
186680,1
139485,0
150072,0
27638,1
118678,0
24566,1
68962,0
126035,0
69122,1
82026,0
64212,0
36576,0
31039,1
128015,0
140119,0
59880,0
48600,0
16544,1
14982,0
45922,0
172704,0
128685,0
188365,1
170057,0
24671,0
160692,0
168022,1
6525,1
2340,0
83536,0
115091,0
150292,1
36512,0
80300,0
58973,0
184001,0
160598,1
40585,0
177469,1
87407,0
147768,1
136990,0
189309,0
53261,0
134041,0
58750,0
70277,0
87695,0
86385,0
76770,0
141814,0
169106,1
183240,0
20020,0
40748,0
74472,0
150750,0
89326,1
117524,0
127028,0
4003,1
52012,0
74701,0
86436,0
60828,0
127893,1
152816,0
119209,1
148883,0
138953,0
159591,0
86420,1
20488,1
189346,0
120115,0
30472,0
178355,0
112564,0
171702,0
143167,1
171660,0
67342,1
152898,1
133640,1
28438,1
109196,1
163081,1
161393,0
99156,1
134833,1
143470,1
129041,0
86640,1
30651,0
120463,1
141475,1
120479,0
23520,0
126066,0
185817,0
125633,1
33725,0
12330,0
37519,0
127856,0
72679,0
123210,0
62063,0
40223,1
119283,0
112778,0
170889,1
16277,1
150548,0
144974,1
180305,0
33524,0
55752,0
153378,0
132031,1
126924,0
149162,1
10294,0
39761,1
70098,1
115407,0
146098,0
81789,0
44326,0
24008,0
133481,0
137716,0
50882,0
53625,0
75408,0
167265,0
36588,0
118576,0
178512,0
43492,0
51751,1
148814,1
32040,0
116372,1
118190,0
110068,0
188260,1
103920,1
170402,1
27883,1
167396,0
46153,1
108290,0
151958,1
9390,0
43549,0
105459,1
22169,0
59292,1
12846,0
81710,0
126029,0
168586,1
136154,0
154976,0
98962,0
149227,0
100094,0
138966,0
112959,0
119243,0
76882,1
118362,0
159316,1
48486,0
187020,0
8207,1
114662,0
4760,1
100324,0
131404,0
105954,0
41588,0
105451,0
178692,0
21659,0
18091,0
129598,0
65596,0
141911,0
54837,0
164486,1
76651,0
84196,0
97537,1
117877,1
55023,0
127143,0
57963,1
139825,0
126838,1
286,0
130741,0
1350,1
146198,0
53853,0
55756,1
188824,1
65073,1
80686,0
152092,1
160209,0
89409,0
106850,0
105409,0
29552,0
66579,0
33673,0
107298,0
67595,0
128599,1
72972,0
126146,0
187707,1
52036,1
71455,0
160369,0
188494,1
156866,1
42688,1
50688,0
7634,0
184269,0
128024,0
161589,0
41764,1
182130,0
70469,0
131189,0
76712,0
121879,0
99228,0
129105,1
153460,1
167938,0
30829,0
130608,0
176088,1
161559,0
73513,1
90314,1
19855,0
102665,0
153389,1
75695,1
13229,0
147167,0
85309,0
115729,0
73866,0
151497,0
183293,0
61144,0
68560,1
62417,0
89478,0
103872,0
82850,1
124826,0
103077,1
113455,1
58728,0
24020,0
109873,0
122350,0
159911,0
26956,1
132194,0
85658,1
142957,0
172863,1
155749,0
158494,1
156784,0
41078,0
107644,1
92962,1
24321,0
29030,0
127543,0
67475,1
169857,1
38,1
52091,1
167504,0
150687,0
52134,0
36755,1
148981,0
1927,1
136181,0
167826,0
23614,0
70679,0
137962,1
40234,1
68672,0
8823,0
32230,1
91591,0
37909,0
129453,1
90379,0
157251,1
96265,0
160239,0
33911,0
39770,0
57107,0
39808,1
172314,1
34448,0
19920,0
52244,1
70016,0
174974,0
82701,0
12652,1
90680,1
73130,0
69889,0
66296,0
16813,1
7646,0
64590,0
179745,0
17444,1
36094,0
3012,0
163178,0
18657,1
181029,0
86255,0
132394,0
146208,1
19314,0
160196,1
24172,1
19020,1
142688,0
79326,0
115052,0
28286,0
113845,0
184964,0
83681,0
185915,1
65697,0
117034,0
11991,0
25362,0
145088,0
99310,0
37464,0
28705,0
128435,1
113509,1
189723,0
24019,0
43952,0
83376,1
85038,0
6755,0
142778,1
52776,0
136917,0
21769,0
96851,0
81879,1
54850,0
55117,0
153647,0
170567,1
143592,1
161969,1
148215,0
35581,1
92065,1
20763,1
62202,0
159826,0
96977,0
165705,1
122311,0
56787,0
31997,1
171626,0
68456,0
187820,1
82995,1
29760,0
111138,0
132157,0
107816,1
143535,0
170768,1
18897,0
706,0
172220,1
70436,1
363,0
178540,0
107944,1
88002,0
10666,0
127504,1
1371,0
178190,0
181800,0
49033,0
62265,0
159178,0
35055,0
81289,0
92145,0
1628,0
83656,0
83564,0
155851,0
152847,0
184404,0
131434,0
69137,1
86097,0
121536,0
82866,0
150377,0
131729,0
44739,0
10467,0
89581,0
21339,1
35641,1
99549,0
9443,0
125453,0
162271,1
41705,0
29294,1
188320,0
73623,1
136857,0
78288,0
167640,0
144445,0
97240,0
112247,0
45559,1
9923,0
103426,0
57990,0
186482,1
158938,1
191297,1
12542,1
148959,0
134566,1
27569,0
184978,1
174453,1
118129,0
151679,0
31985,1
117383,0
49656,0
116539,0
127311,1
24849,0
69578,0
17646,0
50744,1
79399,0
45071,1
145991,0
146900,1
22087,0
66337,0
92947,1
50632,0
97842,0
122258,0
96736,0
93558,0
139183,1
20962,1
151934,0
65360,0
144435,0
101432,0
86480,0
163687,1
96156,0
131600,0
114873,0
135586,0
162535,0
64563,0
162544,0
4315,1
184480,0
38392,0
22557,0
56585,1
1819,0
124694,0
84940,0
91005,0
94951,0
116739,0
38025,0
32622,0
95406,0
104902,0
144584,0
23028,0
48365,0
18581,0
120734,1
175384,0
92806,0
29345,0
3414,0
61421,0
86256,0
89354,0
171740,0
112970,0
17313,0
137915,1
177227,0
66745,0
131602,1
37291,0
182331,0
18757,0
36734,0
79974,1
173200,0
39617,0
24482,1
181941,0
15566,0
131079,0
35346,0
17921,1
96077,0
41,0
11500,0
182495,1
88516,0
412,1
128927,0
185778,0
5354,0
138653,0
102372,0
87395,1
53004,0
74885,0
35067,1
127265,0
190552,1
160204,0
92244,1
28292,0
109533,0
183160,0
104248,0
150282,0
54392,1
119635,0
51563,1
135864,0
49697,0
140169,0
167272,1
186582,0
23459,0
128451,0
132252,1
24388,1
124328,0
64747,0
14898,0
84974,0
190769,1
136999,0
116215,0
114360,0
26884,0
84599,0
183954,0
58553,0
12231,0
16329,1
93834,0
159,1
28072,0
149107,1
154773,1
22188,0
124904,0
161815,0
71404,0
66625,0
186779,1
111316,1
65984,0
128453,0
168032,0
27634,1
170171,0
54502,0
13970,0
164593,0
542,0
13175,0
69537,1
76781,1
145098,0
169280,0
26256,0
39289,0
179377,1
54890,0
55534,0
32843,0
67413,0
142297,1
147430,0
162492,0
185304,1
10502,1
96727,0
175847,1
103290,0
1477,1
36013,0
170590,0
95655,0
71357,0
14808,0
115833,1
35306,0
95548,0
181409,1
81742,0
144726,1
38707,0
188795,1
21353,1
111833,1
76125,0
41089,0
123819,0
107143,1
73786,1
136049,0
52677,0
147175,1
144305,0
185514,0
188367,1
4194,0
170457,0
3885,0
89460,0
142089,0
99334,0
10211,0
85890,1
138924,0
32404,0
31773,1
3009,1
16395,1
20031,0
182093,0
93179,0
156780,0
16787,0
83036,0
154263,1
65915,1
53039,0
160401,0
72471,0
125097,0
121251,0
87737,0
106916,0
135060,0
13608,1
1034,0
183645,0
3252,1
191487,1
98046,0
157298,0
176932,0
79906,0
189675,0
14009,1
34881,0
10703,0
133285,0
115430,0
92332,1
81029,0
122279,0
28976,0
137191,1
150442,0
21487,0
118367,0
65426,0
87505,1
118286,0
8585,0
122404,1
109025,0
113753,0
34788,0
2466,1
186830,0
2935,1
101947,0
70236,0
100108,0
102076,0
30030,0
169224,1
120366,1
186061,1
2242,0
61626,1
109427,0
100886,0
32719,0
16291,0
83220,0
11237,0
187195,0
93538,0
95271,0
155036,0
81730,0
45510,0
149991,0
47853,0
11978,1
20133,1
158991,0
24181,0
41000,0
126396,0
7515,0
86270,0
97699,0
127166,0
91787,0
45457,0
105429,1
70524,1
38035,0
52452,0
176862,0
58991,0
141554,0
123694,0
184018,1
79628,1
99420,1
9876,0
85671,1
72801,1
160694,1
177315,0
191445,1
138963,0
111606,1
63376,0
175092,0
557,1
6185,1
109909,1
19908,0
132145,1
153681,1
140204,0
111638,0
111391,0
89039,0
172176,1
8085,1
101209,1
45696,0
45010,0
126184,1
163861,0
66982,0
6169,1
62722,0
77621,1
138748,0
125077,0
101143,1
9780,0
3811,1
137833,0
86587,1
61338,1
62384,0
103591,1
191127,1
1048,0
41932,0
122689,0
146862,0
182230,0
12779,0
148022,1
10906,0
19864,0
30454,0
89318,1
66256,0
109574,0
80153,0
181075,0
105761,0
12171,1
109848,0
39826,1
60417,1
188155,1
23430,0
154499,0
106492,0
9641,0
34306,0
3641,0
142967,1
55224,0
160472,0
98964,0
36887,0
130061,0
100367,1
78323,0
40193,0
91296,1
75115,0
109662,0
47569,1
90350,0
84033,0
163765,1
34068,0
41839,0
137851,0
110425,0
21602,0
101335,0
100509,0
90714,0
90888,1
50715,0
24432,0
112922,1
117737,0
57151,0
50224,1
162803,0
31959,0
21711,0
71967,0
180124,0
126333,1
183393,0
23003,1
83650,1
66479,0
4532,0
191129,1
13288,1
28796,0
164981,1
81347,0
160358,0
11827,0
19623,0
10420,1
132366,0
123763,0
19581,0
151828,0
165544,0
86202,0
167566,1
139929,1
155602,0
42337,0
38425,1
5327,1
60861,0
126013,0
161341,0
2027,0
78380,0
24753,0
150281,0
98617,0
157427,1
159528,0
81045,0
31461,0
149886,0
64430,0
135773,0
38820,0
178320,0
26223,0
163894,0
186506,1
86580,1
87167,0
154946,0
67802,0
80802,0
154469,0
41068,0
183460,0
116998,1
76585,1
29109,0
24028,0
106366,0
47616,1
31313,0
1986,1
172887,0
30780,0
2651,0
8809,1
117115,0
145275,0
55552,0
167134,0
143559,1
113421,0
171367,0
174760,1
53859,0
169531,0
148918,0
121634,1
83990,0
61117,0
45509,0
7238,0
97538,1
75522,1
52881,1
11011,1
114234,0
132767,0
3886,0
166760,1
176948,0
160986,0
171064,0
161097,0
22132,0
176176,0
31752,0
76584,0
148160,1
69421,1
177737,0
27425,0
86418,0
111023,0
168441,1
79868,0
60127,0
144577,1
172567,0
29185,0
80675,0
41191,0
74523,1
95951,0
119915,1
48012,0
161014,0
98575,0
46669,0
155397,0
59703,0
132609,0
37531,0
149117,0
83959,0
119446,0
9202,0
136645,1
142260,0
135016,0
167462,0
69898,0
100134,0
139904,0
72747,0
187639,1
32538,0
182332,1
63216,0
94881,1
10398,0
69653,0
10527,1
91630,1
189315,0
157656,1
188457,1
106109,0
96348,0
76749,0
125277,1
190795,0
143218,0
143406,0
6845,0
52236,0
90110,0
8891,0
18910,0
103225,1
124315,0
123287,1
33295,0
37144,1
114645,0
174182,1
186067,0
45635,0
188911,0
160911,0
61282,1
51881,0
185024,1
101155,1
123755,0
103535,0
132522,1
121969,1
120456,1
97933,0
62362,1
95561,0
99861,1
128003,0
20075,0
101584,1
102474,0
149778,1
79185,0
35723,0
51617,0
135015,0
153883,1
166496,0
150904,1
91719,0
164894,0
171993,1
55953,0
73058,0
115537,1
106867,1
54732,0
188054,0
85595,1
181746,0
187142,1
142537,1
137134,0
68552,1
138317,0
67147,0
44679,0
83765,0
188313,1
72726,0
129859,0
122039,0
96606,0
152621,0
190342,0
39217,0
148556,1
169914,1
91932,0
52547,0
14406,1
186925,1
176671,0
156576,1
148998,1
13738,1
152990,1
26612,0
11399,0
42262,0
66393,1
166528,0
162974,0
153131,0
66545,0
162814,1
165379,1
176047,0
186844,0
133358,0
67228,0
41221,0
173193,1
26879,0
122419,0
138107,0
138307,0
32604,0
9348,0
24104,0
62901,0
146405,1
165513,1
166521,1
137928,0
102827,0
181619,0
171455,0
89738,1
25593,0
189357,1
114000,0
140652,0
158153,0
49743,0
9851,0
33356,0
162952,0
140699,0
44303,0
173391,1
603,1
100553,0
2081,1
119441,0
93809,1
28570,1
166324,1
84994,0
132726,0
146102,1
146752,0
94538,0
104543,0
128338,0
103687,0
61438,0
103857,0
162169,1
72820,0
126895,0
116985,0
70737,0
47810,1
144089,0
2291,1
102503,0
10891,0
25487,0
103485,1
35456,1
189219,0
86803,1
28941,0
145540,0
161743,0
133872,1
150091,0
191493,0
28353,0
129428,0
150177,1
139270,0
125651,1
130426,0
6532,0
160334,1
20156,0
174976,0
94660,0
62899,0
121979,1
96005,0
32857,0
29258,1
62239,0
82634,1
171756,0
161593,0
105164,0
169924,0
117922,1
111061,0
93999,0
16435,1
139062,0
15756,0
130234,0
100447,1
77799,1
13581,1
159065,0
52990,0
95080,0
117552,0
191254,1
123798,0
181488,0
41482,1
25454,0
163757,0
154745,1
61191,1
107430,1
64162,1
121654,0
62688,0
67541,0
93628,0
55095,0
59681,1
146085,1
171397,0
2798,1
25375,0
90694,0
85204,0
177739,0
187847,1
84837,1
154122,0
105650,0
167978,0
13939,0
16562,1
152119,1
139171,0
51467,0
141605,0
5556,0
84234,0
162677,1
93661,0
170834,0
123132,0
146990,0
48876,0
110084,0
106998,1
33077,0
120805,1
72416,0
162781,0
158896,1
182871,0
188585,1
2365,1
60660,1
115900,0
173354,0
143589,1
116504,0
128970,1
120265,1
27690,0
135978,0
174758,0
108447,1
125475,1
189453,1
89723,1
60090,0
73045,1
69506,1
160851,0
160483,0
43237,0
188996,0
170032,0
182112,0
176245,0
183893,1
70122,0
177900,0
174039,0
56785,0
113849,0
161023,1
185663,1
56944,1
91688,0
20130,1
35328,0
38186,0
15350,0
167732,0
62928,0
117859,0
167039,0
70075,0
86205,0
10227,1
7411,1
8121,1
15800,1
91887,0
55489,1
22475,0
47353,0
77362,1
7116,0
153834,0
44499,0
104968,1
5467,1
35267,0
152699,1
172527,1
57304,0
37646,1
33346,0
117092,0
152487,0
177460,0
81350,0
86017,0
184988,0
96040,1
46652,1
131424,0
25788,0
15017,1
79615,0
42509,1
99298,1
92827,0
94799,0
10709,0
36590,1
85922,1
173665,1
29724,1
18609,1
147641,0
4729,0
35046,1
183403,0
158952,0
107192,0
148189,1
156835,0
96039,0
59142,0
158980,0
182466,1
804,1
10047,0
55270,0
143549,0
101693,0
130191,1
179946,1
120128,0
111827,0
144850,1
64388,0
167582,0
160444,1
118039,0
145769,0
110093,0
177613,0
88652,0
78491,0
176684,0
44351,0
146263,0
115083,0
180950,0
154576,0
149777,0
154519,0
36395,1
144970,1
102390,0
25387,1
115312,0
162649,0
110281,1
185957,1
56722,0
68233,0
7389,0
185593,1
24521,0
14790,1
20500,0
47755,0
185216,0
105146,0
44783,1
43798,0
107205,0
26356,0
176038,0
185149,0
171508,0
23735,0
138379,0
683,0
150389,1
54616,0
157260,1
1765,1
133743,0
5302,0
183670,0
46619,0
114891,0
78078,0
68716,1
165719,1
174938,0
82371,0
61139,1
82206,0
50666,0
158958,0
142594,0
120608,0
49969,0
20407,0
14930,1
27232,0
181334,1
138743,0
167976,0
103543,1
171276,0
77345,0
89100,1
162208,0
45423,0
59610,0
181085,0
160156,0
162598,0
89630,0
40664,0
144226,0
165627,0
122401,1
140347,1
57819,0
190840,0
54195,0
2153,1
21133,0
102988,0
148199,0
139680,0
13949,1
82248,1
148867,0
133892,0
55553,0
72193,0
160608,1
20922,1
180147,0
93311,0
56485,0
49631,0
114069,0
155819,0
185308,1
96114,0
64062,1
114693,0
113267,0
103238,0
100411,0
168546,0
54671,1
104140,0
183747,0
41468,0
110292,0
149680,0
91649,0
61598,0
47860,0
163200,0
79181,0
145033,0
54428,1
187926,0
177085,0
82865,0
27767,0
5915,1
124940,0
102605,1
191687,1
118344,1
3325,0
12801,1
114760,0
58290,0
190326,0
9209,0
171763,0
8714,1
49117,0
7776,0
180938,0
158517,1
189934,0
52630,0
149474,0
68147,0
127855,0
35043,1
121290,0
137256,0
145387,0
7508,0
84525,0
52960,0
85797,1
62608,0
87771,0
137553,0
54395,0
182440,1
128920,0
15225,0
154007,0
21480,0
87775,1
176377,1
165753,0
76900,0
132461,0
98490,1
55115,0
171227,1
99564,0
162179,0
155729,1
109531,0
27202,0
45758,0
152745,0
125352,0
67025,0
176697,0
18133,0
84768,0
90727,0
45503,0
181547,0
57039,1
47880,0
75703,0
122543,1
107262,0
167782,1
155620,0
118940,0
12812,1
144638,0
106598,1
22692,1
43542,0
161116,0
116951,0
90795,0
65582,0
146202,0
1646,1
83145,0
15766,0
80723,0
135383,0
146742,1
45656,0
130089,1
17199,1
66847,0
60657,1
44941,0
103728,0
29450,0
130537,1
81563,0
98437,0
69083,0
122178,0
168819,0
130050,0
63625,0
15163,0
167667,0
12785,0
31916,1
66882,1
190859,1
56121,0
165440,0
128618,0
17998,0
160748,0
50097,0
56407,0
45356,0
49093,0
87174,0
16423,0
191663,1
122423,1
29687,0
98147,0
25769,0
64166,0
12062,1
128857,0
165708,0
69822,0
102122,0
66861,0
52787,1
39115,0
64866,0
175575,0
149078,0
134020,0
92760,0
189200,0
127986,1
45258,0
81270,0
91779,0
105484,0
98374,1
59427,0
32812,0
156651,0
33762,0
71968,0
25374,0
85610,0
130789,0
95083,0
36837,0
171555,1
144692,0
48626,0
164912,1
117358,0
40565,1
81156,1
152509,1
80652,0
113783,0
147391,1
46955,1
18585,0
176833,0
99579,0
77558,0
186579,1
117882,0
188185,0
183013,1
55302,0
187206,0
171603,0
81676,0
102222,0
31148,0
133886,0
13017,1
104215,0
130700,1
94921,1
58105,0
1656,1
169338,0
81170,0
135930,0
108379,0
89592,0
158935,0
24332,0
122204,1
56816,1
12420,0
101924,0
25571,0
17886,1
144034,0
116008,0
10454,0
154860,0
88733,1
171950,1
141861,0
158808,1
64145,0
57996,0
86083,1
27896,0
25709,0
153689,0
152957,1
163060,0
69850,0
86110,0
92859,0
153357,1
46342,0
148876,1
113279,0
76092,0
147956,1
36190,1
21738,0
59851,0
106161,1
78968,0
187387,0
15044,1
85813,0
131772,1
56120,0
62499,0
128922,0
76768,0
91159,1
60524,0
103329,0
160701,0
178551,1
77060,0
68628,0
34632,0
89421,0
133505,0
25277,0
97063,0
27267,1
133256,1
45163,0
15235,0
42068,0
183725,0
1396,1
149598,1
154489,0
51696,0
126091,0
101332,0
702,1
138733,0
165048,0
137236,1
119038,1
113906,0
139240,0
138325,1
98785,0
104202,1
146341,1
157904,1
48137,0
68881,1
91101,1
91384,0
18104,1
52954,1
123750,1
133004,1
78753,1
188893,0
168165,1
32336,0
9912,0
166899,1
151317,0
92253,1
25641,0
114098,0
67354,0
152641,0
175333,0
83616,0
65414,0
62180,0
38070,1
149506,1
112030,0
151203,0
19669,1
18559,0
56845,0
113116,0
27890,0
123984,0
16670,1
73293,0
38677,0
148032,0
52592,0
98015,0
65999,1
46661,0
36227,0
64581,0
147855,1
5864,0
52159,0
54071,0
6527,1
12257,0
174146,0
110535,0
131845,0
169368,0
28238,1
114177,1
48048,0
57022,0
112686,0
37299,0
100652,1
83960,1
153777,0
45366,0
92233,0
35027,0
64201,0
93719,0
14907,0
32864,0
122976,0
74614,1
12524,0
171420,0
69642,1
93966,0
188281,0
3628,0
142478,1
160335,1
156350,0
136136,0
134319,1
170864,0
122946,1
49692,0
45824,0
46340,1
104487,0
115626,0
44828,1
13806,1
67658,0
131339,0
83151,0
151362,0
60940,0
23292,1
27944,0
27998,0
84916,0
107405,0
92830,0
105180,0
41614,0
68347,0
52261,0
64419,0
114032,0
108215,0
56072,0
160863,0
24839,0
108254,0
29836,1
12515,0
184492,0
145706,0
62745,0
119982,0
118931,1
188668,0
84379,0
129485,0
87621,0
87939,0
6292,0
325,0
50680,0
140141,0
175535,1
178949,1
124528,0
2997,1
118484,0
122611,1
1652,0
90480,1
24711,0
113413,0
103613,0
33680,0
150818,1
168547,0
20025,0
52996,1
88056,1
173326,0
185213,1
110509,1
74861,0
66953,0
5038,0
130407,0
57162,0
34763,0
35922,0
65946,0
41731,0
18167,0
29112,0
100585,0
80687,0
132286,0
84116,1
186271,1
176687,0
145521,0
14486,1
132054,1
65504,0
93086,0
8637,0
143349,0
82835,0
77605,0
136236,0
88479,0
107379,1
178377,1
35657,0
35476,0
276,1
179718,0
54530,0
158753,0
38642,0
121571,0
1818,1
123452,0
78243,1
62270,0
25155,0
5613,1
153067,0
179330,0
18534,0
14608,1
48075,0
162511,0
161826,0
149318,0
23688,1
101615,0
166866,1
131751,1
162755,1
22989,0
44696,0
104367,0
18049,0
88189,1
114803,1
29331,1
94944,0
18839,0
90875,0
62699,1
30665,1
65907,1
90031,1
181655,1
165559,0
157707,0
126099,1
6014,1
39014,1
73387,0
167470,1
160293,1
55556,0
171607,0
50366,0
22655,0
111227,1
109473,0
122410,0
71347,1
190281,0
48629,0
88277,0
24037,1
28281,0
36460,1
168242,1
62111,0
44911,0
122850,1
836,0
103260,0
2396,0
20595,0
139926,0
171083,0
82588,0
29427,0
30117,0
151195,0
109330,0
143794,1
88535,0
33971,0
42417,0
162796,0
24902,0
77476,0
87077,1
184140,0
140053,0
11731,0
60526,1
93894,0
115262,0
13825,0
46358,0
147386,1
92087,0
64141,0
115836,1
152537,0
162501,1
82119,0
160970,1
99809,0
17511,0
130024,1
9179,0
126681,0
78058,1
175298,0
20194,1
149368,0
50905,1
142691,0
147362,0
50573,1
156453,1
184289,0
163446,1
9084,1
105439,1
120509,0
138131,0
40317,0
133664,0
5497,1
12998,1
97838,0
81893,0
114141,1
137900,1
49859,0
50081,0
156141,0
182747,0
120135,0
93713,0
27792,1
153527,1
107242,1
61972,0
113312,1
162254,1
172552,0
158053,1
187140,0
65656,0
78659,0
165287,0
96849,0
131814,0
83700,0
164953,0
154508,0
49694,1
16861,0
397,1
181224,1
154954,0
58573,0
134677,1
67900,0
190226,0
182029,0
24871,0
178275,1
173777,0
145848,1
57092,1
73685,0
128724,0
80903,0
89914,0
152737,0
187624,1
118847,0
91507,0
140592,0
127339,0
91467,1
32096,1
21375,0
116053,1
154805,0
145118,1
130331,1
168225,1
63200,0
158828,0
50495,0
152461,0
111507,0
100472,0
107880,0
168275,0
189644,0
57669,0
170646,0
107938,1
11543,1
144339,0
163771,0
57784,0
110858,0
7691,1
143714,1
6325,1
190177,1
44394,0
93824,1
64208,0
96729,1
60452,1
151021,1
36282,0
122363,1
58049,1
50892,0
141736,1
155103,0
93184,0
20464,0
67721,0
99612,0
92453,0
78778,1
154618,0
113502,1
159417,0
156618,0
52549,0
126840,0
40981,0
92863,0
106384,0
79626,1
93923,1
20994,0
177282,1
68440,0
165432,1
107427,0
5374,1
160471,1
2170,1
172784,1
7563,0
166794,0
177985,0
176253,0
167645,1
185901,1
120203,0
101596,0
106963,0
149792,1
190247,0
8310,0
83397,1
60477,0
94479,1
132956,1
101058,0
61483,1
9515,0
77116,0
171612,1
56255,0
155628,0
161846,0
71977,0
139074,0
146500,0
44105,0
154004,0
107560,0
127584,1
174568,0
72452,1
19885,1
99787,1
99328,0
120725,0
23404,0
123438,0
177367,1
125121,0
174907,0
181621,0
81649,0
172288,0
186965,1
38841,1
148544,0
44240,0
28718,0
147916,0
4081,1
32394,0
74809,1
3953,0
191316,1
23451,0
65080,0
146049,1
90481,1
150970,0
60104,1
85022,0
60265,1
169126,0
141239,1
63643,0
147484,1
100119,0
56860,0
1074,0
166832,1
9771,0
107630,1
119848,0
190410,0
111798,0
148174,1
180050,1
159891,0
107163,0
91042,0
143324,0
68462,0
166356,0
183940,0
129653,0
145309,1
97741,0
178264,0
8152,0
101157,1
191164,0
66265,0
19071,1
74247,0
62393,0
15361,0
171126,0
41512,0
102093,0
149569,0
38562,1
147617,0
10455,1
95096,0
183587,1
107020,0
14010,0
156997,1
186580,1
41332,0
12126,1
18066,0
539,1
121111,1
169988,1
166353,0
183421,0
43781,1
102973,0
100691,1
168799,0
148950,0
62094,0
141442,1
60372,0
7701,0
25352,0
65565,1
17782,0
62166,0
58955,1
164997,1
186218,1
134739,0
173882,0
86285,0
27222,0
32219,0
113556,0
12734,0
120045,0
80773,0
74856,0
145123,1
161229,1
67495,1
57233,0
113601,0
32103,1
68503,1
93161,0
5180,1
49521,0
61750,1
99410,0
170977,1
165368,1
137298,0
162937,0
101303,0
150546,0
155604,1
86766,1
44154,0
26317,1
36774,0
144216,1
189177,0
23486,0
78706,1
12973,0
187836,1
182160,0
77865,1
71814,0
55624,0
168580,0
125803,0
171302,0
12350,1
86939,0
70946,1
155565,0
190434,0
149173,1
26220,0
11654,1
2596,0
52793,0
63288,0
88116,0
179439,0
48134,0
143222,0
141573,0
134570,0
132980,1
63648,0
155330,0
78284,0
81659,1
111719,1
5510,1
76613,0
15695,0
148911,0
165928,1
92472,1
77161,1
137784,0
38414,0
38554,1
166511,1
137165,0
99159,0
172464,1
89813,0
179498,0
9592,1
85579,0
147960,0
85654,0
114204,0
3227,0
60121,1
114586,0
91845,0
82219,1
139363,1
72191,0
132762,0
85003,1
37489,0
138632,1
116679,0
148453,0
57432,0
18089,0
64719,0
133360,0
90947,0
84244,0
20334,1
22053,0
157574,1
143177,0
51633,0
97941,0
20167,0
94779,0
42154,1
109429,0
27968,1
125417,0
165325,1
97066,1
186162,1
162213,0
67936,0
19510,0
112647,0
17590,1
43604,0
177394,1
24150,0
186979,1
155653,0
131443,1
86593,1
33526,0
174209,0
77439,1
63790,0
164545,0
126213,1
44362,1
176300,0
187691,1
53793,1
72426,0
131064,0
78145,0
171945,1
187111,0
15700,0
151961,0
93391,0
153895,0
53775,0
29693,1
4211,1
162556,0
37697,1
177487,0
168549,1
82576,0
99139,0
107710,1
122271,0
129822,0
131979,0
57253,0
27264,1
82473,0
50360,1
66652,0
49404,1
84483,0
83173,0
150305,0
36871,0
144309,0
154858,0
183557,0
126612,1
149560,1
89626,0
129766,1
105715,1
165911,0
109090,0
21702,1
28883,0
155426,0
24896,0
151207,1
136905,1
130671,0
90899,0
59417,0
159754,1
134169,0
190808,0
145434,1
79627,1
135649,1
139081,1
23699,0
70941,0
116394,0
68613,1
23740,0
180991,0
148969,1
169589,0
135310,0
97513,1
144990,1
145911,1
108986,0
140904,1
18610,1
53367,1
70567,0
184729,0
129893,1
58850,1
24940,1
162177,0
148132,1
81065,0
187502,1
28826,0
45305,0
67524,0
150498,1
101136,0
154311,0
182319,1
72596,0
94397,1
69481,0
11324,0
21762,1
117220,1
80335,0
156393,1
87002,0
156685,0
170588,0
143117,1
15513,1
137411,0
108438,0
34909,0
180246,0
95945,0
190777,0
74853,0
86444,0
145488,0
156462,0
66262,0
25029,1
32934,1
76936,0
42238,0
29090,0
143202,0
43302,0
93649,0
101114,0
112217,1
45166,1
129945,1
30855,0
183881,0
20508,1
128779,0
3636,0
107894,1
156877,0
18917,0
115391,0
160349,0
51057,0
153319,0
187904,0
66582,0
147010,0
105371,0
91756,1
7710,1
182615,0
163592,1
127724,0
137056,1
60390,0
48642,0
3864,0
52371,0
191671,0
26406,1
38011,1
61874,0
54438,0
122194,0
106603,0
123603,0
65406,1
