CONTROL_NUMBER,TARGET_B
122653,0
184239,1
5172,1
135377,1
62119,1
163194,1
159851,1
92024,0
93637,1
36893,1
22743,1
101337,0
22258,0
60184,1
51718,0
178919,1
189258,1
84678,1
43311,0
73682,0
28266,0
168633,1
38561,0
56912,1
141056,0
151575,1
118937,1
56321,1
190064,1
167580,1
148049,0
168259,1
167794,0
70301,1
15600,0
75515,1
79920,1
110814,0
159879,1
113106,1
153466,1
29334,1
55755,1
177009,1
107720,1
107413,1
132702,1
22262,1
35493,1
62426,1
98459,1
185687,1
80818,1
168507,0
58019,0
183816,1
153880,1
122716,1
187157,1
72667,0
55101,0
27041,1
107159,1
30861,1
19241,1
106382,1
80118,1
96589,1
100276,0
165838,0
120800,1
56451,1
87401,1
17882,1
135454,1
116262,1
71449,0
52768,1
155086,1
141582,0
36809,1
168599,1
71078,0
182955,0
29366,1
106235,1
123051,1
173688,1
145134,1
88662,1
93356,0
5478,1
133259,1
63021,1
69416,0
169198,0
160275,0
29722,1
25750,1
59808,1
16422,0
31685,1
96644,1
157665,1
69054,1
45856,1
18770,1
128870,1
83870,1
183868,0
126862,0
70062,1
53142,1
12147,1
30398,1
122466,1
145480,1
179673,1
68556,1
22038,1
143295,1
189649,1
19807,1
169179,1
82121,1
41222,0
98165,1
43095,1
12695,1
138173,1
148079,1
156457,0
99617,1
60764,1
44083,1
111886,1
27039,0
1902,1
187911,1
4254,1
154367,1
138999,1
91881,1
69477,0
13743,1
71186,1
103989,0
89922,1
69576,0
124322,1
139456,1
21720,1
24305,1
184075,0
139597,1
143008,1
1975,1
149896,1
181337,1
91421,1
12676,1
191125,1
165996,1
133315,1
106248,1
46415,1
36354,0
170939,1
62721,1
167488,1
68679,1
49408,1
58412,1
48506,1
191047,1
150172,0
94594,0
69149,1
121978,0
7300,0
3273,0
40006,1
17859,1
73754,1
143130,1
131229,1
123124,0
52222,1
132212,1
148636,1
17517,1
69235,1
100775,1
21170,1
26194,1
75247,1
65297,0
58891,1
186232,1
75609,1
16733,1
164704,1
18508,1
182890,1
25237,0
138925,1
124903,1
178290,1
80995,1
174956,1
93636,0
112889,0
119315,0
117186,1
135296,1
19068,0
36238,0
100543,1
11267,1
76470,1
183007,0
40383,1
316,1
128934,0
3931,0
53965,0
86666,1
66783,0
7245,1
146487,1
118312,1
47641,0
169700,1
78798,1
160938,0
4503,1
69297,1
187082,1
2393,1
112632,1
36228,1
168238,1
105306,0
75502,1
80236,1
166902,1
51835,1
132692,0
144694,1
81055,1
84199,0
143003,1
18345,1
148166,1
176701,0
80533,1
28381,1
64224,0
122594,0
146703,0
77011,1
13617,0
13027,1
54347,0
43884,1
119620,1
31183,1
160667,0
157295,0
12192,0
10347,0
73699,1
131954,0
44817,1
177556,1
122218,1
98793,1
154483,1
27271,1
34020,0
117595,0
11533,1
63858,1
100263,1
159014,1
83486,1
106271,1
114799,1
143405,0
61989,1
40154,1
80020,1
92817,1
191138,0
158849,1
28890,0
106517,1
138635,0
155763,1
170473,0
86351,0
186197,1
56762,1
177429,1
73881,1
158476,1
48806,0
174984,1
34853,1
24129,1
51269,1
142564,1
163465,1
156602,1
179928,1
56060,1
185338,1
20697,0
179794,1
149969,0
166600,0
79930,1
97736,0
130265,0
139478,0
90291,1
68808,1
145145,1
104467,1
157565,1
142288,1
92183,1
121019,0
79804,1
90483,1
12573,1
101090,1
155382,0
18177,0
182853,0
119686,0
38249,0
81105,1
185473,0
159588,1
164133,1
67808,0
139379,1
182144,1
71828,0
85207,0
114574,0
53924,1
21204,1
43537,0
79602,1
116232,1
42399,0
87182,1
84417,0
94201,0
44765,1
4739,1
74990,1
108602,0
159290,1
112023,0
105042,0
176825,1
24713,0
106530,0
36065,1
93534,0
19829,1
142917,1
166735,1
65013,1
181671,1
52761,1
183375,1
106389,0
31007,1
18921,1
62249,0
131188,0
165496,1
63292,1
88864,1
16450,0
21782,1
121478,0
180449,1
87037,1
164329,1
142579,1
86318,0
104848,1
60122,1
137667,0
147587,1
167899,1
132251,1
64938,1
139411,1
29875,1
34808,1
133955,0
72109,1
117008,1
3698,1
108166,1
138443,0
176965,0
174821,0
177017,1
163709,0
164505,0
171785,1
149033,1
61173,0
129672,0
144026,1
29070,0
126423,1
142514,0
19086,1
167202,1
159209,1
130254,1
67897,1
123184,1
1485,1
109759,0
8536,1
103979,1
177699,0
54308,1
102292,1
27987,1
72123,0
182519,1
116505,0
33429,1
139897,0
33444,0
166507,1
9866,1
94213,1
116267,1
220,1
2499,1
179021,1
100932,0
85550,1
83585,0
164551,1
185972,0
135343,1
77800,0
142203,0
38174,1
75179,0
189706,1
10491,1
93379,1
106330,1
77703,1
71523,0
52350,1
123972,1
27506,0
634,1
30067,1
35069,1
38098,1
120394,1
54369,1
63286,0
38777,0
22206,0
27532,0
144926,1
109028,0
168426,1
155555,1
149414,1
11907,1
54227,0
95762,1
12887,1
53557,0
18611,1
18664,0
107787,1
12394,1
179376,1
56367,1
168102,0
129155,1
23905,1
115269,1
182035,1
124530,1
28682,0
23657,1
17878,1
28040,1
45551,0
29124,1
103001,0
74819,1
112304,1
138758,0
56169,1
1635,0
149295,1
9358,0
45294,1
42898,1
50204,1
58318,1
143489,1
176221,1
84618,1
121744,1
85472,0
47420,0
13196,1
188999,1
164897,1
75910,1
47508,0
69607,1
1703,1
743,1
77458,0
157536,1
88361,0
124271,1
108397,1
149470,1
125503,0
163323,1
113951,1
94524,1
163697,1
143565,0
133295,0
84213,1
28946,0
165746,1
157398,1
148396,1
69411,0
31163,1
158843,1
95151,0
126329,0
154245,0
40012,1
112101,0
110257,1
113264,1
65635,0
145885,1
174267,1
2797,1
126921,0
40388,1
80143,1
96814,0
145026,0
125986,1
104533,1
151452,1
141266,0
129185,1
139914,0
153855,1
22416,0
48674,1
28668,1
136365,1
78951,1
75153,1
55282,1
51424,1
122256,1
15704,1
147320,1
26766,1
150067,1
189797,0
83060,1
6985,1
188284,1
9045,0
30546,1
188980,1
103775,0
77896,1
116588,1
164733,1
60897,1
61220,0
7492,1
41297,0
29141,1
120783,1
101554,1
11094,1
41901,1
52759,1
38692,0
141243,0
135983,1
21135,1
9650,1
148737,1
189611,0
176157,1
43397,1
173462,0
22438,1
44582,1
117970,0
139030,1
181203,0
53329,1
34863,1
16344,0
174576,0
131298,0
152104,1
101614,0
24975,0
174806,1
101263,1
174271,1
146036,1
32330,1
50122,1
34697,1
95802,1
49318,0
110581,1
183722,0
128792,1
66797,1
53091,1
65578,0
25792,1
128361,1
154274,0
135571,1
56733,0
7991,0
46435,1
77862,1
161463,1
136271,1
153864,1
88771,1
129200,1
108650,0
7637,1
131394,0
150421,0
162533,1
124624,1
28676,1
60248,1
116526,0
148025,1
157307,0
178715,1
53340,1
118831,0
160231,1
84101,0
94289,1
166475,0
134114,1
173508,1
3122,0
24869,1
70532,1
111210,0
32791,0
727,1
28746,0
175700,1
67621,0
187168,1
172332,1
154571,1
24204,0
151192,1
16574,1
36673,1
141666,1
44888,1
44989,1
114401,1
16723,0
17255,1
75416,1
32753,1
127313,0
52903,0
105083,1
187289,1
82848,0
176120,1
102742,1
37401,1
79180,0
138944,1
24310,1
135230,1
187638,1
19812,1
172171,0
53764,1
105415,0
55403,0
149319,0
28432,1
85329,0
29936,0
182883,1
36353,1
106053,0
52224,1
78594,0
24281,1
162087,0
172938,0
24386,0
151054,1
21624,0
57072,1
156233,0
113064,1
13269,1
91163,1
96169,1
156568,1
130658,1
133236,1
61078,1
38997,1
151738,1
167755,1
166270,1
86578,0
150933,1
28124,0
97100,1
66127,1
93883,1
136708,0
38036,0
123055,1
13999,1
172512,1
133564,1
129541,1
100218,1
8684,1
114613,1
130042,1
70117,0
7330,1
177837,0
65650,1
17217,1
82628,1
696,1
142479,0
145895,1
86235,1
36776,1
13082,1
93195,0
89680,1
156485,1
139399,0
142047,1
7178,1
35720,1
75461,1
83490,0
58203,1
88410,0
167054,0
127878,0
33769,1
152497,0
101004,1
32210,0
37833,0
182743,1
74706,0
147726,1
45971,1
78978,1
80036,1
144076,1
127823,1
124979,0
69266,1
12597,1
139772,1
109986,1
14770,1
22622,0
122353,1
181001,1
18568,0
31065,0
83908,1
170804,1
97295,1
186060,1
154374,1
51844,0
146649,0
66564,0
174249,1
121424,0
30934,0
167799,1
73301,0
124485,0
170649,1
120461,0
146585,1
24529,1
181698,1
93537,0
63507,1
146395,1
96548,1
5583,1
165965,1
78612,1
61298,1
4513,0
183275,1
159821,0
151560,1
53715,1
190626,0
47106,1
32694,0
161980,1
77708,1
31416,1
149516,1
58786,0
122823,1
53013,1
175951,0
49925,1
119615,0
17440,1
86658,0
45116,1
146241,0
77495,1
151122,1
111380,0
62966,1
96108,1
12616,1
109709,1
63290,1
175902,1
30804,1
99544,1
110094,0
154851,0
107472,0
43235,1
186170,1
102022,1
188835,1
60401,0
179563,1
185775,1
114531,1
41448,1
179358,0
183972,1
55726,1
101110,1
42515,1
140012,1
191516,1
79086,1
183849,1
4657,1
4594,1
57993,1
44248,1
140331,1
107316,1
94369,0
10800,0
427,1
159750,1
73399,1
19817,1
173443,0
46419,1
172475,1
22782,1
182397,1
39632,1
661,1
26587,0
13424,1
186882,1
37785,0
42574,0
153238,1
119159,1
69583,0
65740,1
154181,1
88222,1
81319,1
183993,0
176878,1
124554,1
142487,0
154315,0
177093,1
172031,0
7265,1
170714,1
58560,0
24277,1
58156,0
8518,1
150732,1
121971,0
117483,0
181167,0
20583,1
70814,0
84248,0
133534,0
39881,0
177543,1
59648,1
76711,1
147913,1
61711,1
63267,1
39257,0
166416,0
103448,1
157988,1
132636,1
152318,1
50276,0
88055,1
92264,0
40943,0
78588,1
95301,1
44406,1
80993,0
80856,1
167838,1
155541,1
181799,0
36530,1
107486,1
150081,0
187274,1
135239,1
120197,1
171143,1
80437,1
109451,1
182459,1
183374,1
189882,0
92525,0
186293,1
88627,1
94218,1
159130,1
71938,1
63000,0
72851,0
102099,0
12965,1
30331,1
186793,1
141179,0
96556,0
171396,1
170067,1
61026,0
102134,0
89528,1
176661,1
167579,1
3615,0
58499,1
80999,1
75668,1
114162,1
54905,0
69086,0
82447,1
190477,0
102207,1
81404,0
14279,1
58597,1
140084,0
164727,1
28337,1
90967,1
189554,0
73381,1
169540,1
147260,1
13249,1
83708,1
150822,1
164923,1
161759,1
164032,1
8938,1
105383,1
108087,1
73928,1
135785,0
59994,1
23270,0
99774,1
22106,0
80797,0
93993,1
5424,1
147406,1
58150,1
168492,1
113797,1
95590,1
40105,0
38685,1
185934,1
21657,0
111488,1
160292,1
104534,0
13890,1
64899,1
190614,1
47610,1
27310,1
70479,1
7082,1
21855,0
178009,1
47111,1
11833,0
162910,1
9874,1
78116,1
151955,1
151854,0
59304,0
66225,0
14873,1
162650,1
78377,0
20752,1
23932,0
132179,1
10031,1
102497,1
98113,1
169048,1
80227,0
46657,0
85804,0
162342,1
110476,1
80256,1
2233,1
4052,1
90990,1
140181,1
100640,0
121026,0
11180,1
1722,1
96417,1
36187,1
123466,1
148699,1
159533,0
57643,1
181007,1
104755,1
150144,1
4726,0
157529,1
177636,1
1909,1
29663,1
113315,1
139470,0
185460,1
72682,0
48567,1
107815,0
147936,1
79108,1
53572,1
64906,0
179309,1
26680,1
161931,1
30903,1
5610,1
44431,0
88690,1
48006,1
25428,1
104541,1
179655,1
175731,0
16774,1
1985,1
108698,0
98921,0
86042,1
81463,0
21132,1
24387,0
53286,1
166029,1
169221,0
110203,1
184098,1
106737,0
96998,1
20551,1
137671,1
6232,1
48497,1
75790,1
148740,1
67988,1
257,0
123667,1
76626,0
56040,1
105815,1
72585,1
133310,1
151150,1
38946,1
182439,1
122735,0
18586,0
83128,1
172956,1
42884,1
163304,1
188896,1
90000,1
74810,1
171358,1
118890,0
140134,1
176782,0
185053,0
54971,0
134920,1
126513,1
95071,1
141834,1
109462,1
118099,1
75238,0
143496,1
106965,1
90842,0
23732,1
134637,1
102971,1
109194,1
67159,0
84100,1
158822,1
98248,1
30779,1
86891,1
31017,0
14981,0
142421,0
163949,1
54762,1
11062,1
114263,0
154464,1
137178,1
149595,1
172730,1
30051,1
141276,1
137998,1
155567,1
127707,0
35300,1
175253,0
142783,0
174693,0
82594,0
76268,1
66187,1
1962,1
140698,1
6050,1
2451,1
37065,1
159458,1
187686,1
21463,1
47709,1
61275,1
141315,1
24330,1
191524,0
77751,1
77279,1
147649,0
124545,1
87217,1
153623,1
123266,1
54553,1
54859,1
95261,1
118748,1
122711,0
177719,0
183370,0
152181,1
161237,1
69819,1
148840,1
74782,1
12900,1
27753,0
161093,1
23022,1
49055,0
45377,1
160930,1
56441,0
55138,1
98249,1
142582,1
112750,0
52415,0
187380,1
17384,1
126563,1
145724,1
22645,1
46422,0
187755,1
179444,1
164160,1
5291,1
15979,0
106887,1
120665,0
162945,1
16011,0
23436,1
66257,1
84373,0
52132,1
189237,1
675,1
106285,0
25357,0
129578,1
98901,0
41477,1
99986,1
108583,0
30898,1
116757,0
99201,0
119355,1
3965,1
174659,1
36963,1
167748,1
140377,1
138841,1
162392,1
182679,0
186146,1
140958,0
132907,0
4300,1
14831,1
32841,1
90532,0
88363,1
79725,1
130888,1
41357,0
183372,1
54775,1
124729,1
1920,1
35947,0
125552,1
118905,0
145838,0
93310,1
23934,1
8438,1
182840,0
71198,1
180787,0
162341,1
20189,0
17567,1
56779,1
181611,1
172232,0
149622,1
96014,1
45206,0
141551,1
11971,1
57755,1
62115,1
169603,1
162140,1
171214,0
6054,1
168188,1
73079,0
20704,1
189465,0
59354,1
20188,1
22161,0
29418,0
3070,1
73740,0
186764,0
181438,1
99890,1
3412,1
127796,1
12547,1
166278,1
175155,0
10553,0
41463,0
186530,1
155091,0
124189,0
20641,0
104687,0
17532,0
14501,0
119356,1
75425,1
130357,0
162497,1
14621,0
60922,1
45201,1
48274,0
142163,1
62288,1
44419,1
60337,1
46136,1
88508,1
184615,1
134553,0
161856,1
32975,1
84024,0
76437,1
144859,1
176740,0
121638,1
130764,1
20881,0
140577,0
141891,1
111983,1
98448,0
106425,1
133314,1
138277,1
111017,0
7494,1
28164,1
10952,1
2931,1
112118,0
101385,0
111295,1
38857,0
3651,0
40520,1
54041,0
112594,1
105412,1
91223,0
184056,0
27597,1
57349,1
10907,1
123938,1
39665,1
22046,0
150639,1
171365,1
108158,1
109235,1
184406,1
18019,0
116653,0
187968,1
50200,1
132917,1
49223,1
147469,1
85966,1
57407,1
117673,1
60512,0
24016,0
47827,1
185467,1
176931,1
14615,0
149538,0
137540,1
148015,1
155224,0
143213,0
106424,0
59699,0
140625,1
131971,1
137529,1
114322,1
43119,1
12201,1
99219,1
69834,1
84276,1
64188,1
189018,1
8951,1
37250,1
178981,0
70819,1
163168,1
136011,0
48234,1
114676,0
183839,1
100287,0
162340,1
152299,1
34917,0
38105,1
11719,1
151819,1
13640,1
42033,0
136299,1
143292,1
7452,0
85931,1
102694,1
146339,1
50220,1
70366,1
137253,1
82446,0
133161,0
69745,1
174470,1
76105,1
79850,1
97937,0
36792,1
27070,1
153941,1
182356,1
128235,1
120249,0
73053,0
185517,1
58075,1
79389,1
154027,1
63135,1
158679,1
184655,0
172128,1
93572,1
127879,0
154859,1
175226,1
153445,0
21838,1
159482,1
2678,1
170825,1
24212,1
177087,1
109225,1
174948,0
144110,1
90566,0
171979,1
35538,1
33115,1
62281,1
43409,1
132735,1
130369,1
15256,1
105436,0
43100,1
24121,0
166606,1
63380,1
23234,0
15780,1
36587,0
188164,1
50027,0
20347,0
4463,1
5496,0
88838,1
6777,0
178122,1
23839,0
92052,0
98335,1
5003,1
158169,0
139887,1
174373,1
132660,1
142187,1
28610,0
63383,1
125599,1
23506,0
178237,1
104614,1
122506,1
7485,0
135413,1
5759,1
85457,1
75481,1
173948,0
130160,0
115034,0
145231,1
109005,0
7590,0
78199,1
124768,0
186993,1
174551,1
56470,1
177894,1
91964,1
38181,1
130734,1
101098,1
123699,1
151973,0
27659,0
20083,1
90057,1
66209,0
36139,1
27504,1
24132,0
121803,0
103174,0
26251,0
20245,1
57195,0
79032,0
99543,1
56795,0
73873,1
164513,0
60610,1
33192,1
84886,1
82698,1
4393,1
142359,1
26206,1
177937,1
53863,1
135900,1
135722,1
154301,0
30371,1
52804,1
157318,1
122988,1
87229,0
113254,0
14916,1
63951,1
21341,1
176092,0
82981,0
37221,1
17006,1
104598,1
165508,1
98565,1
175198,1
62136,1
186731,0
646,1
104401,1
139220,1
79085,1
56831,1
74780,1
1709,1
134619,1
52196,1
31073,1
183528,0
136349,0
187169,1
74277,1
110951,1
71279,1
1431,0
104969,1
161374,0
171655,1
93025,1
136747,1
180408,1
71153,0
103144,1
187543,1
19686,1
181124,0
116325,1
188396,1
67368,0
97221,0
96003,1
77848,1
188645,1
191007,1
32278,1
44442,1
1505,1
64727,1
107040,1
113879,0
176188,0
167720,0
99484,0
82610,1
93602,1
2491,1
86665,1
130507,1
146106,1
42024,1
83806,1
156876,1
105275,0
145392,1
168696,1
78179,0
82050,1
178423,1
160869,1
76578,1
190615,1
15467,0
52230,1
175112,1
47617,0
168393,1
147206,1
36714,1
92500,0
53327,0
58145,1
177990,0
161849,1
134005,1
114721,1
35298,0
182115,1
99382,1
7118,1
21305,1
66569,1
53384,1
19097,1
68088,0
137870,1
67496,1
7080,1
74436,0
12011,0
9576,1
167093,1
49984,1
39496,1
163758,1
117464,0
47914,1
17093,1
59862,0
156821,1
28061,1
124980,1
147162,1
191779,1
88145,1
111419,1
140461,1
179716,1
71376,1
64083,0
189264,0
189958,1
2749,1
110755,1
106455,1
898,1
150158,1
56398,1
121869,1
57705,1
165857,1
177053,0
119576,1
29483,1
58269,0
118673,1
7676,0
148991,1
73954,1
102361,0
127178,1
21739,0
37764,1
165066,0
13030,0
105300,1
67906,0
21933,0
111603,1
170317,1
92981,1
120972,1
148412,1
187251,1
118527,0
9049,0
13551,1
96813,1
170849,1
154839,0
45666,1
176261,0
89856,0
189631,1
176637,1
74737,1
92787,0
146869,1
124785,0
175520,0
52847,0
130262,1
19495,1
105616,1
178519,1
173953,1
84745,1
147692,0
85487,1
181761,0
186929,1
19440,1
82770,0
83279,1
4755,1
84210,1
128565,1
84961,1
126945,1
171788,1
101855,1
76150,1
92058,1
68022,1
131100,0
38743,1
4200,0
118554,1
47404,1
51469,1
142470,1
119190,1
52476,1
92508,1
187298,1
117825,0
140304,0
110538,1
108781,1
173616,1
68270,1
102016,1
138991,0
147820,0
58043,0
12655,1
11921,1
26878,1
120639,0
188727,1
138000,1
87508,1
20751,1
157036,1
93759,0
44500,1
142321,0
67077,1
33314,1
50614,0
134881,1
182279,0
151546,0
104705,1
68441,0
109502,0
53281,0
5953,1
37528,0
7402,0
114694,1
100550,1
141742,1
116062,0
110547,1
139420,1
9816,1
102741,1
57613,1
36710,1
151768,1
76612,0
148351,1
111219,1
91835,1
110706,0
162209,1
99898,0
36528,0
17761,1
544,0
127034,1
119383,0
6064,1
111545,1
179249,1
110774,0
95938,0
25106,0
114579,1
45368,1
49276,1
47869,0
78180,1
76128,1
172095,0
111732,1
88807,1
172018,0
177516,0
83668,1
71132,1
133059,1
152287,1
105296,0
166546,1
164961,1
33525,1
126994,0
182608,1
45532,1
42419,0
18543,1
117639,1
88588,1
182286,0
173232,1
119156,1
163783,0
134773,0
102181,1
31217,1
56124,0
43066,0
130568,1
86804,1
2510,1
31400,1
92348,1
181408,1
86818,0
115431,1
168603,1
85113,0
80035,1
170860,1
54959,0
89686,1
91134,1
72409,1
16126,0
153521,0
151614,0
45605,0
26272,0
43788,1
190412,1
151995,1
186880,1
51149,1
28849,0
109449,1
140662,0
114598,1
140688,1
55091,0
118401,1
83073,0
145855,1
121193,0
186240,1
164188,1
110519,1
137695,0
8305,1
162494,1
48822,1
111708,1
155149,1
136025,1
153185,1
44940,0
78707,1
157108,1
106958,1
157518,1
43595,1
104039,1
131106,1
91987,0
148852,1
71639,0
101511,0
46474,1
64844,1
146827,1
124384,1
49444,0
81985,1
36371,1
183399,1
59999,0
92861,1
83131,0
150844,1
75537,1
107204,0
108919,1
149285,1
17363,0
186472,1
178618,1
11395,0
105768,0
11143,1
124251,0
124787,1
88848,1
174991,1
132336,0
191418,1
40055,1
101689,0
153175,1
142830,1
28406,1
47276,1
108050,1
72139,1
58835,1
10248,0
171328,1
168234,1
54035,1
98873,0
52825,1
149741,1
94547,1
190018,1
2194,1
112319,0
43706,1
35839,1
66013,0
125289,1
99255,1
72875,0
182803,1
46170,1
158866,1
88954,0
17021,0
169437,1
168956,0
97641,1
161753,1
20015,0
152376,1
106686,1
188812,1
133822,0
161218,1
57057,0
77650,1
76704,1
182314,0
109208,1
49256,0
167733,0
113775,0
90092,1
5681,0
162373,1
177640,1
135675,1
165556,1
156572,1
111906,0
55341,1
16657,0
24123,0
108918,1
10399,1
34120,1
65322,1
24667,1
151484,1
3312,1
54696,1
158213,1
32282,1
34719,1
151332,1
70165,1
62613,1
147634,1
155259,0
183081,1
67102,1
102896,0
82479,0
41288,1
98376,1
11115,1
116253,1
173559,1
25020,0
125147,1
21484,0
112479,0
10614,0
11952,1
177421,1
71388,1
121292,0
70566,0
98447,1
41065,1
190671,1
141505,1
99561,1
92121,1
139857,1
21297,1
187855,1
3769,1
190313,1
116525,1
185505,1
152714,0
124531,1
31156,1
54795,1
13574,1
149848,0
92135,0
182105,1
100981,0
190730,1
136597,1
130969,1
4390,1
126987,1
14233,0
46223,0
170123,0
94486,1
171528,1
15277,1
60176,1
187712,1
25759,0
110189,0
183564,1
119345,1
41022,1
2950,1
132822,1
26475,0
65557,1
77157,1
163233,1
90108,0
27332,1
45878,1
105641,1
136790,1
6170,1
75105,1
112172,1
107327,1
187748,1
24396,1
137279,0
156344,1
142171,1
166101,1
47821,1
116309,1
75613,0
36518,1
115341,1
112182,0
178085,0
96314,0
137680,1
33731,0
70484,1
186989,1
21969,1
126553,1
6009,1
47251,1
74825,1
75019,1
171445,1
131468,1
43532,0
178179,1
131423,1
83933,0
165990,1
77,1
65239,1
107170,1
120790,1
45798,0
34849,1
118186,1
149773,0
125444,1
101553,1
153871,1
125401,0
167357,1
158503,1
111203,1
157104,1
156428,1
64248,0
174908,1
16906,0
90601,1
78643,1
1092,1
190778,1
81173,1
44605,0
54794,1
123669,1
96505,1
165283,1
116968,1
7804,0
156734,1
142895,1
65634,0
152754,0
37581,1
177119,0
147316,1
64113,1
161733,0
75152,0
182993,1
121890,1
37117,0
186501,1
26712,1
93361,1
152784,1
29010,0
137510,1
123146,1
156505,1
172638,1
72304,0
54942,0
29236,0
119474,1
92328,1
114339,0
133038,0
131921,1
123109,0
149138,1
56863,1
98390,1
80378,1
112535,0
54142,0
98317,0
162867,0
117271,1
99308,0
172005,0
34319,0
59584,1
107684,0
143501,1
163352,1
189806,0
124143,1
8013,1
13655,1
2846,1
56423,1
151504,1
119974,1
71342,1
183207,1
49960,1
168228,1
111485,0
170215,1
53389,0
121070,1
41643,0
62311,1
14259,1
138484,1
176032,0
79080,1
118639,0
74043,1
138378,0
89734,1
120658,1
172033,0
67,1
55837,1
90070,1
79757,1
72850,0
68981,0
35660,1
81355,0
89683,0
132272,1
64975,0
88405,1
9561,0
43753,1
4767,1
58117,0
61975,1
136313,1
184175,1
152412,1
65513,0
109436,1
28988,1
79527,1
189188,1
57462,1
166261,1
64874,0
162547,1
113426,1
43647,1
150040,0
12737,1
97227,1
3691,0
103468,0
21869,1
119402,0
184395,0
2058,1
137072,0
131832,1
114127,0
56773,1
27824,1
59696,1
7592,1
119149,0
51133,1
178689,0
103178,0
23211,0
163356,1
49059,0
14268,0
153499,1
148523,1
115611,0
140742,1
50203,0
67044,0
6348,1
85567,0
115289,1
97879,1
44922,0
182385,1
99697,0
6615,1
65454,1
86478,0
79532,1
5492,0
104605,1
156112,1
15066,1
150036,1
37028,1
142009,0
141593,1
24663,0
117279,0
39306,0
180342,1
89696,1
66440,0
5592,1
174286,1
28909,1
144670,0
121446,1
125180,0
135809,1
51846,1
1928,1
133049,0
175782,1
70195,1
26887,1
152617,0
22458,1
50899,0
157311,1
88822,1
65689,0
26378,0
132517,0
9455,1
116131,1
186817,1
77534,1
112920,0
102521,0
21034,0
34718,1
68297,0
118564,1
94884,0
167763,1
7173,1
146462,1
117103,0
169465,1
78316,1
190553,1
115766,1
165366,1
62482,1
143223,0
2964,1
32390,0
57052,1
69893,1
17145,0
59468,0
168368,1
122944,0
123604,1
138977,1
64776,1
124484,1
10434,0
170448,0
71579,1
113144,0
64161,1
151702,1
93609,0
164989,1
163660,0
124920,0
184913,1
46129,1
150838,1
50230,0
70061,0
161514,1
85759,0
39174,1
46409,0
180258,1
117813,1
111597,1
27835,1
153353,0
75422,1
109176,1
151596,1
10319,1
129225,1
68657,1
139141,1
166787,1
26607,1
124944,0
189705,1
163018,1
38327,1
77918,1
172088,0
165819,1
76632,1
81694,0
46844,1
112387,0
102090,0
148328,1
63813,1
8736,1
159777,0
43769,1
44900,1
148841,1
87490,1
154067,1
41103,1
155381,0
110308,1
33183,1
13434,0
85242,1
70976,0
144766,1
88017,1
171385,0
182908,1
25690,0
81695,1
37268,1
171989,1
165422,1
8084,1
43562,1
78669,1
77630,1
43974,1
37709,1
187701,1
34592,0
14552,1
18511,0
71172,1
175996,0
57593,1
21003,1
39612,1
140489,1
34437,1
29205,0
144676,1
138889,1
170563,1
63572,1
54127,1
114747,1
86466,1
56609,1
92200,1
114145,1
43634,1
101938,0
176296,1
142790,1
92664,0
115186,0
82212,1
161625,0
144963,1
57119,0
85941,1
185983,1
126299,1
89195,1
185540,1
127921,1
67039,1
181140,0
41537,1
105268,1
48277,1
104709,0
616,1
51441,1
92474,0
56339,1
162259,1
34957,1
46274,0
53268,1
162849,1
20612,0
114575,0
20759,1
30047,1
3660,1
36457,1
167401,1
35363,0
99338,1
12005,0
81483,1
117298,1
144399,1
62056,1
66701,1
63186,1
121310,1
64015,1
25635,1
48003,0
21335,1
14272,0
154799,0
51022,1
183935,0
158977,1
62827,1
4804,1
43020,0
140001,1
122348,1
163289,1
63430,0
43013,0
82407,1
186251,1
88047,0
101116,1
170219,1
70835,1
17235,1
184486,1
46541,1
52938,1
145809,1
135552,1
19652,0
165378,1
86000,1
156179,1
107951,1
182324,1
57419,0
96140,1
152723,1
62133,0
68222,0
85853,0
76609,0
176053,0
88359,1
154055,1
74910,1
39050,1
62279,0
18428,1
17503,1
172635,1
140523,0
62687,1
79764,1
178968,1
70039,1
67890,0
75801,1
139059,0
32552,0
115585,0
108197,1
110799,0
177076,1
40576,1
72975,1
20865,0
77486,1
185052,0
27640,0
54085,1
5272,0
19301,1
112483,0
49195,1
66300,1
2853,1
86323,0
135336,1
25734,1
87485,0
50144,1
127759,1
189199,1
127399,1
165109,1
158082,1
20593,1
65512,1
106300,0
120756,1
71028,0
36008,1
153427,1
141159,0
4590,0
124128,1
93242,0
61776,0
35419,1
177458,1
123478,1
184696,0
57488,1
10631,1
55160,1
117179,1
123822,1
137845,1
23640,0
123088,1
75125,1
76540,0
159922,1
167495,1
27108,1
109520,1
158355,0
111236,0
174428,0
157100,1
97596,0
92254,0
3099,1
54849,1
137017,1
150802,1
28596,1
20029,0
33922,1
1731,1
98180,1
171700,1
60615,0
153725,0
183096,1
105718,0
85059,1
18584,1
187121,1
162958,1
163267,1
55621,1
102079,0
77252,0
5420,1
90120,0
22170,0
149499,1
42713,1
1863,1
65181,1
89210,1
109292,1
66006,0
125230,1
57492,0
180280,1
183244,1
178456,1
162762,1
182469,1
15737,1
61616,0
111281,0
10719,1
56674,0
88162,0
156959,1
113830,1
12220,0
156929,1
154511,1
54121,1
189494,1
101498,1
139316,0
145060,1
157657,1
190355,1
161464,1
105608,1
49049,0
29501,1
157510,1
187343,1
82065,1
78455,1
78841,0
152708,0
37593,1
177861,1
59167,0
99761,1
146271,1
40516,1
88353,1
148520,1
88417,1
106877,0
70803,1
37603,1
156954,1
28045,1
160178,1
55484,0
131419,1
170169,1
121909,0
162055,0
187906,1
107321,1
185937,1
38472,1
150595,1
38581,0
187696,1
175248,1
157754,1
172802,1
3550,0
17881,1
181860,0
12621,1
159640,1
188225,1
56834,0
80774,0
7900,1
72204,1
41275,1
64444,0
55209,1
150839,1
35205,1
134012,0
75158,1
19363,1
7169,1
156559,1
167418,1
125086,1
118574,1
177329,1
29047,0
11561,0
134216,0
143998,1
125913,0
37427,0
131087,1
27002,1
108475,0
11254,1
26410,1
157204,1
117953,1
80325,0
41936,1
67422,0
77430,1
137971,0
179751,1
161627,1
184277,1
16837,1
142432,0
150076,1
173165,1
78030,1
68352,0
5604,0
8384,0
155478,1
41834,1
6599,1
149413,0
101856,1
80216,1
112375,0
83446,0
78994,1
143095,0
68274,0
62742,1
74707,1
127963,0
41488,1
92338,1
42878,1
100789,0
181460,1
97191,1
67013,0
129284,0
171512,0
76996,0
88196,1
168422,1
53158,1
63793,0
108156,1
137551,1
103111,0
157709,1
32634,1
144050,1
48522,1
151491,1
81823,0
115956,1
97829,1
34098,0
103856,1
100265,1
79774,1
95386,1
101302,0
135438,1
31616,1
176529,1
140674,1
113629,0
45680,1
44269,1
74276,0
23659,0
166031,1
185440,1
181476,0
74958,1
72153,1
188804,1
185925,1
35550,1
17478,1
75911,0
34883,1
36480,1
36034,0
67389,1
55870,1
1959,1
98008,0
87584,1
61908,0
104843,1
184092,0
164289,1
61808,0
152527,0
62084,1
159180,1
62374,0
139924,0
188721,1
81806,0
70504,1
97416,0
106583,1
80812,1
14468,1
42931,1
158816,1
24610,1
113071,0
89954,1
180501,1
116420,1
174426,0
152986,1
105331,0
139628,1
89586,1
175890,1
86713,0
130084,1
109624,1
79528,1
55482,1
80362,1
69963,0
56318,1
154127,1
14064,0
94205,1
70335,1
128807,1
20012,1
184221,1
9535,0
50307,0
75777,0
79361,0
88489,1
62624,1
164354,1
17060,1
9230,1
140456,1
144673,1
177151,1
153528,1
185780,1
7301,1
86353,1
19608,1
95806,0
112633,1
56599,0
14984,1
114913,1
28854,0
92864,0
147119,1
31887,1
104259,1
178563,1
63113,1
85777,1
143518,1
14591,1
63457,1
52481,1
26675,0
47180,0
179555,1
98355,0
119080,1
179225,1
23039,1
114109,1
52307,1
24576,1
182697,0
172866,1
128194,0
41905,1
153853,1
62506,1
96481,1
138945,0
7127,0
122295,0
137424,0
80301,1
117054,0
191649,1
1030,1
185305,1
91242,0
35264,1
116715,1
44788,1
187611,1
165060,1
99722,1
141992,1
91715,0
163369,1
74201,1
143351,1
189251,1
163144,1
10489,1
89546,0
88198,1
162352,1
61039,1
179644,1
75992,1
169350,0
16785,0
128943,1
179359,1
140217,1
61492,0
113984,0
116290,1
25817,0
113511,1
183987,0
9605,1
35751,1
43983,0
92777,0
119868,1
88003,1
26052,0
185689,1
173300,1
141786,1
130936,1
166137,0
86192,0
113710,1
67397,0
133430,1
160610,0
173080,1
129389,0
77051,0
122856,1
53763,1
187501,1
22749,1
26045,1
171570,1
16136,1
24659,1
98672,1
136297,1
181296,1
39570,1
41322,1
108263,1
116814,0
99647,0
173933,1
107510,1
27673,1
188078,1
25073,0
176695,0
186680,1
139485,0
150072,1
27638,1
118678,0
24566,1
68962,0
126035,1
69122,1
82026,1
64212,1
36576,1
31039,1
128015,0
140119,1
59880,1
48600,0
16544,1
14982,1
45922,1
172704,1
128685,0
188365,1
170057,1
24671,0
160692,0
168022,1
6525,1
2340,0
83536,1
115091,1
150292,1
36512,0
80300,1
58973,0
184001,0
160598,1
40585,1
177469,1
87407,0
147768,1
136990,1
189309,1
53261,1
134041,0
58750,1
70277,1
87695,1
86385,1
76770,1
141814,0
169106,1
183240,0
20020,1
40748,0
74472,0
150750,1
89326,1
117524,1
127028,1
4003,1
52012,1
74701,0
86436,1
60828,1
127893,1
152816,0
119209,1
148883,1
138953,0
159591,0
86420,1
20488,1
189346,1
120115,0
30472,1
178355,1
112564,1
171702,0
143167,1
171660,1
67342,0
152898,1
133640,1
28438,1
109196,1
163081,1
161393,1
99156,1
134833,1
143470,1
129041,0
86640,1
30651,0
120463,1
141475,1
120479,1
23520,0
126066,0
185817,0
125633,1
33725,0
12330,1
37519,1
127856,1
72679,1
123210,0
62063,1
40223,1
119283,0
112778,1
170889,1
16277,1
150548,1
144974,1
180305,1
33524,0
55752,0
153378,1
132031,1
126924,1
149162,1
10294,0
39761,1
70098,1
115407,0
146098,0
81789,0
44326,1
24008,1
133481,1
137716,0
50882,0
53625,0
75408,1
167265,1
36588,0
118576,0
178512,1
43492,1
51751,1
148814,1
32040,0
116372,1
118190,1
110068,1
188260,1
103920,0
170402,1
27883,1
167396,1
46153,1
108290,1
151958,1
9390,1
43549,0
105459,1
22169,1
59292,1
12846,1
81710,1
126029,1
168586,1
136154,1
154976,1
98962,0
149227,0
100094,0
138966,1
112959,0
119243,0
76882,1
118362,0
159316,1
48486,1
187020,1
8207,1
114662,1
4760,1
100324,1
131404,1
105954,1
41588,0
105451,0
178692,1
21659,1
18091,1
129598,0
65596,1
141911,0
54837,1
164486,1
76651,1
84196,1
97537,1
117877,1
55023,1
127143,1
57963,1
139825,0
126838,1
286,0
130741,1
1350,0
146198,0
53853,1
55756,1
188824,1
65073,1
80686,0
152092,1
160209,1
89409,0
106850,1
105409,1
29552,0
66579,1
33673,0
107298,0
67595,1
128599,1
72972,0
126146,1
187707,1
52036,1
71455,0
160369,1
188494,1
156866,1
42688,1
50688,1
7634,0
184269,1
128024,0
161589,0
41764,1
182130,0
70469,1
131189,1
76712,1
121879,1
99228,0
129105,1
153460,1
167938,1
30829,1
130608,1
176088,0
161559,0
73513,1
90314,1
19855,1
102665,1
153389,1
75695,1
13229,1
147167,1
85309,1
115729,1
73866,1
151497,1
183293,1
61144,0
68560,1
62417,0
89478,1
103872,0
82850,1
124826,0
103077,1
113455,1
58728,0
24020,1
109873,0
122350,1
159911,1
26956,1
132194,0
85658,1
142957,0
172863,1
155749,1
158494,1
156784,1
41078,1
107644,1
92962,1
24321,1
29030,0
127543,0
67475,1
169857,1
38,1
52091,1
167504,1
150687,1
52134,1
36755,1
148981,1
1927,1
136181,0
167826,1
23614,1
70679,0
137962,1
40234,1
68672,1
8823,1
32230,1
91591,1
37909,1
129453,1
90379,1
157251,1
96265,1
160239,1
33911,1
39770,1
57107,0
39808,1
172314,1
34448,0
19920,1
52244,1
70016,1
174974,1
82701,0
12652,1
90680,0
73130,0
69889,1
66296,1
16813,1
7646,1
64590,1
179745,0
17444,1
36094,1
3012,0
163178,1
18657,1
181029,0
86255,1
132394,1
146208,1
19314,1
160196,1
24172,1
19020,1
142688,0
79326,1
115052,1
28286,1
113845,0
184964,0
83681,0
185915,1
65697,0
117034,0
11991,0
25362,1
145088,1
99310,1
37464,0
28705,0
128435,1
113509,1
189723,1
24019,0
43952,0
83376,1
85038,1
6755,1
142778,1
52776,0
136917,1
21769,1
96851,1
81879,1
54850,0
55117,1
153647,1
170567,1
143592,1
161969,1
148215,1
35581,1
92065,1
20763,1
62202,0
159826,1
96977,0
165705,1
122311,0
56787,1
31997,1
171626,1
68456,0
187820,1
82995,1
29760,0
111138,1
132157,1
107816,0
143535,1
170768,1
18897,0
706,0
172220,1
70436,1
363,1
178540,1
107944,1
88002,1
10666,0
127504,1
1371,1
178190,1
181800,1
49033,0
62265,1
159178,1
35055,1
81289,1
92145,1
1628,0
83656,0
83564,0
155851,0
152847,1
184404,0
131434,1
69137,1
86097,0
121536,1
82866,0
150377,0
131729,0
44739,1
10467,1
89581,0
21339,1
35641,1
99549,0
9443,0
125453,0
162271,1
41705,0
29294,1
188320,1
73623,1
136857,1
78288,0
167640,1
144445,1
97240,0
112247,0
45559,1
9923,1
103426,1
57990,1
186482,1
158938,1
191297,1
12542,1
148959,1
134566,1
27569,0
184978,1
174453,1
118129,0
151679,0
31985,1
117383,0
49656,1
116539,1
127311,1
24849,1
69578,0
17646,1
50744,1
79399,1
45071,1
145991,1
146900,1
22087,0
66337,1
92947,1
50632,1
97842,0
122258,0
96736,0
93558,0
139183,1
20962,1
151934,0
65360,0
144435,1
101432,1
86480,0
163687,1
96156,0
131600,0
114873,1
135586,1
162535,1
64563,0
162544,1
4315,1
184480,0
38392,0
22557,0
56585,1
1819,0
124694,0
84940,1
91005,1
94951,1
116739,1
38025,1
32622,0
95406,1
104902,1
144584,1
23028,1
48365,1
18581,1
120734,1
175384,0
92806,0
29345,1
3414,1
61421,0
86256,0
89354,0
171740,1
112970,1
17313,1
137915,1
177227,1
66745,0
131602,0
37291,1
182331,1
18757,1
36734,0
79974,1
173200,1
39617,1
24482,1
181941,0
15566,0
131079,0
35346,1
17921,1
96077,1
41,0
11500,0
182495,1
88516,1
412,1
128927,0
185778,1
5354,1
138653,1
102372,0
87395,1
53004,1
74885,0
35067,1
127265,1
190552,1
160204,1
92244,1
28292,0
109533,1
183160,0
104248,1
150282,1
54392,1
119635,1
51563,1
135864,0
49697,0
140169,1
167272,1
186582,0
23459,1
128451,1
132252,1
24388,1
124328,1
64747,1
14898,1
84974,1
190769,1
136999,1
116215,0
114360,0
26884,0
84599,1
183954,0
58553,0
12231,1
16329,1
93834,0
159,1
28072,1
149107,1
154773,1
22188,1
124904,1
161815,0
71404,0
66625,1
186779,1
111316,1
65984,1
128453,1
168032,1
27634,1
170171,1
54502,0
13970,1
164593,0
542,0
13175,0
69537,1
76781,1
145098,1
169280,0
26256,1
39289,1
179377,1
54890,0
55534,1
32843,0
67413,0
142297,1
147430,1
162492,1
185304,1
10502,1
96727,1
175847,1
103290,1
1477,1
36013,1
170590,1
95655,1
71357,0
14808,1
115833,1
35306,0
95548,0
181409,1
81742,0
144726,1
38707,1
188795,1
21353,1
111833,1
76125,0
41089,1
123819,0
107143,1
73786,1
136049,1
52677,0
147175,1
144305,1
185514,1
188367,1
4194,0
170457,1
3885,0
89460,1
142089,1
99334,0
10211,1
85890,1
138924,0
32404,1
31773,1
3009,1
16395,1
20031,0
182093,1
93179,0
156780,0
16787,0
83036,0
154263,1
65915,0
53039,1
160401,1
72471,1
125097,0
121251,1
87737,1
106916,1
135060,1
13608,1
1034,1
183645,0
3252,1
191487,1
98046,0
157298,1
176932,0
79906,0
189675,0
14009,1
34881,1
10703,0
133285,0
115430,1
92332,1
81029,1
122279,0
28976,0
137191,1
150442,1
21487,1
118367,0
65426,1
87505,1
118286,1
8585,0
122404,1
109025,1
113753,1
34788,1
2466,1
186830,1
2935,1
101947,0
70236,0
100108,0
102076,0
30030,0
169224,1
120366,1
186061,1
2242,1
61626,1
109427,0
100886,1
32719,1
16291,0
83220,0
11237,1
187195,1
93538,0
95271,0
155036,1
81730,1
45510,0
149991,0
47853,1
11978,1
20133,1
158991,0
24181,0
41000,0
126396,0
7515,0
86270,0
97699,1
127166,1
91787,1
45457,1
105429,1
70524,1
38035,1
52452,1
176862,1
58991,0
141554,1
123694,1
184018,1
79628,1
99420,0
9876,1
85671,1
72801,1
160694,1
177315,1
191445,1
138963,0
111606,1
63376,1
175092,0
557,1
6185,1
109909,0
19908,0
132145,1
153681,1
140204,0
111638,0
111391,1
89039,0
172176,1
8085,1
101209,0
45696,1
45010,1
126184,1
163861,1
66982,1
6169,1
62722,0
77621,1
138748,0
125077,0
101143,1
9780,0
3811,1
137833,1
86587,1
61338,1
62384,0
103591,1
191127,1
1048,1
41932,1
122689,0
146862,0
182230,1
12779,1
148022,1
10906,0
19864,1
30454,1
89318,1
66256,0
109574,1
80153,0
181075,1
105761,0
12171,1
109848,0
39826,1
60417,0
188155,1
23430,0
154499,1
106492,1
9641,1
34306,1
3641,1
142967,1
55224,0
160472,1
98964,1
36887,0
130061,0
100367,1
78323,0
40193,0
91296,1
75115,0
109662,0
47569,1
90350,1
84033,0
163765,1
34068,1
41839,1
137851,0
110425,0
21602,1
101335,1
100509,0
90714,1
90888,1
50715,0
24432,0
112922,1
117737,0
57151,0
50224,1
162803,1
31959,1
21711,1
71967,1
180124,1
126333,1
183393,1
23003,1
83650,1
66479,0
4532,0
191129,1
13288,1
28796,1
164981,1
81347,0
160358,1
11827,1
19623,1
10420,1
132366,0
123763,1
19581,1
151828,1
165544,1
86202,1
167566,1
139929,1
155602,1
42337,1
38425,1
5327,1
60861,0
126013,0
161341,1
2027,0
78380,1
24753,1
150281,1
98617,1
157427,1
159528,0
81045,1
31461,1
149886,1
64430,0
135773,0
38820,1
178320,1
26223,0
163894,1
186506,1
86580,1
87167,1
154946,0
67802,0
80802,1
154469,1
41068,1
183460,0
116998,1
76585,1
29109,0
24028,1
106366,0
47616,1
31313,0
1986,1
172887,0
30780,1
2651,1
8809,1
117115,1
145275,1
55552,1
167134,0
143559,1
113421,1
171367,1
174760,1
53859,1
169531,1
148918,0
121634,1
83990,0
61117,1
45509,1
7238,1
97538,1
75522,1
52881,1
11011,1
114234,1
132767,0
3886,1
166760,1
176948,1
160986,0
171064,1
161097,0
22132,1
176176,0
31752,1
76584,0
148160,1
69421,1
177737,0
27425,0
86418,1
111023,0
168441,1
79868,1
60127,1
144577,1
172567,1
29185,1
80675,0
41191,0
74523,1
95951,0
119915,1
48012,1
161014,0
98575,0
46669,1
155397,1
59703,1
132609,1
37531,1
149117,1
83959,1
119446,0
9202,1
136645,1
142260,1
135016,1
167462,1
69898,1
100134,1
139904,0
72747,1
187639,1
32538,1
182332,1
63216,1
94881,1
10398,1
69653,1
10527,1
91630,0
189315,1
157656,1
188457,1
106109,1
96348,1
76749,1
125277,1
190795,1
143218,1
143406,0
6845,0
52236,0
90110,0
8891,0
18910,0
103225,1
124315,0
123287,1
33295,0
37144,1
114645,1
174182,1
186067,1
45635,1
188911,1
160911,0
61282,1
51881,0
185024,1
101155,1
123755,1
103535,0
132522,1
121969,1
120456,1
97933,1
62362,1
95561,1
99861,1
128003,0
20075,0
101584,1
102474,0
149778,1
79185,0
35723,1
51617,1
135015,1
153883,1
166496,1
150904,1
91719,0
164894,1
171993,1
55953,0
73058,1
115537,1
106867,1
54732,0
188054,1
85595,1
181746,1
187142,1
142537,1
137134,1
68552,1
138317,1
67147,1
44679,1
83765,1
188313,1
72726,0
129859,1
122039,1
96606,1
152621,1
190342,1
39217,0
148556,1
169914,1
91932,1
52547,1
14406,1
186925,1
176671,0
156576,1
148998,1
13738,1
152990,1
26612,1
11399,1
42262,1
66393,1
166528,1
162974,1
153131,0
66545,0
162814,1
165379,1
176047,0
186844,1
133358,1
67228,0
41221,1
173193,1
26879,1
122419,1
138107,1
138307,1
32604,1
9348,1
24104,0
62901,0
146405,1
165513,1
166521,1
137928,0
102827,0
181619,1
171455,0
89738,1
25593,1
189357,1
114000,1
140652,0
158153,1
49743,1
9851,0
33356,1
162952,0
140699,0
44303,1
173391,1
603,1
100553,0
2081,1
119441,0
93809,1
28570,1
166324,1
84994,1
132726,1
146102,1
146752,1
94538,0
104543,1
128338,0
103687,0
61438,1
103857,0
162169,1
72820,0
126895,1
116985,1
70737,0
47810,1
144089,1
2291,1
102503,1
10891,1
25487,1
103485,1
35456,0
189219,0
86803,1
28941,0
145540,1
161743,1
133872,1
150091,1
191493,0
28353,1
129428,0
150177,1
139270,1
125651,1
130426,0
6532,1
160334,1
20156,1
174976,0
94660,0
62899,1
121979,1
96005,0
32857,1
29258,1
62239,1
82634,1
171756,1
161593,0
105164,1
169924,0
117922,1
111061,0
93999,1
16435,0
139062,0
15756,1
130234,0
100447,1
77799,1
13581,1
159065,1
52990,1
95080,0
117552,1
191254,1
123798,0
181488,1
41482,1
25454,0
163757,1
154745,1
61191,1
107430,1
64162,1
121654,1
62688,0
67541,1
93628,1
55095,0
59681,1
146085,1
171397,1
2798,1
25375,0
90694,0
85204,1
177739,0
187847,1
84837,1
154122,1
105650,1
167978,1
13939,1
16562,1
152119,1
139171,0
51467,1
141605,1
5556,0
84234,1
162677,1
93661,0
170834,1
123132,0
146990,0
48876,0
110084,1
106998,1
33077,0
120805,1
72416,1
162781,1
158896,1
182871,1
188585,1
2365,1
60660,1
115900,0
173354,1
143589,1
116504,1
128970,1
120265,1
27690,0
135978,0
174758,0
108447,1
125475,1
189453,1
89723,1
60090,1
73045,1
69506,0
160851,1
160483,1
43237,1
188996,1
170032,1
182112,0
176245,1
183893,1
70122,0
177900,0
174039,0
56785,1
113849,0
161023,1
185663,1
56944,1
91688,1
20130,1
35328,1
38186,0
15350,1
167732,1
62928,1
117859,1
167039,1
70075,1
86205,1
10227,1
7411,1
8121,1
15800,1
91887,0
55489,1
22475,0
47353,0
77362,1
7116,0
153834,1
44499,1
104968,1
5467,0
35267,1
152699,1
172527,1
57304,0
37646,0
33346,0
117092,0
152487,1
177460,1
81350,0
86017,1
184988,1
96040,1
46652,1
131424,0
25788,1
15017,1
79615,1
42509,1
99298,1
92827,0
94799,0
10709,0
36590,1
85922,1
173665,1
29724,1
18609,1
147641,1
4729,1
35046,1
183403,1
158952,0
107192,0
148189,1
156835,1
96039,1
59142,1
158980,1
182466,1
804,1
10047,1
55270,1
143549,0
101693,0
130191,1
179946,1
120128,0
111827,0
144850,1
64388,0
167582,0
160444,1
118039,1
145769,0
110093,0
177613,1
88652,1
78491,0
176684,1
44351,0
146263,1
115083,1
180950,1
154576,1
149777,0
154519,0
36395,1
144970,1
102390,1
25387,1
115312,1
162649,1
110281,1
185957,1
56722,0
68233,0
7389,1
185593,1
24521,1
14790,1
20500,0
47755,0
185216,1
105146,0
44783,1
43798,0
107205,0
26356,1
176038,1
185149,1
171508,0
23735,0
138379,0
683,0
150389,1
54616,0
157260,1
1765,1
133743,0
5302,1
183670,1
46619,1
114891,0
78078,0
68716,0
165719,1
174938,1
82371,1
61139,1
82206,1
50666,0
158958,1
142594,0
120608,0
49969,1
20407,0
14930,1
27232,0
181334,1
138743,1
167976,0
103543,1
171276,1
77345,0
89100,1
162208,1
45423,1
59610,1
181085,1
160156,1
162598,1
89630,0
40664,0
144226,1
165627,0
122401,1
140347,1
57819,0
190840,0
54195,0
2153,1
21133,1
102988,1
148199,1
139680,1
13949,1
82248,1
148867,1
133892,1
55553,0
72193,0
160608,1
20922,1
180147,0
93311,1
56485,0
49631,0
114069,0
155819,1
185308,1
96114,1
64062,1
114693,0
113267,0
103238,1
100411,1
168546,1
54671,1
104140,0
183747,0
41468,1
110292,0
149680,0
91649,1
61598,1
47860,1
163200,0
79181,0
145033,0
54428,1
187926,1
177085,1
82865,0
27767,1
5915,1
124940,0
102605,1
191687,1
118344,1
3325,1
12801,1
114760,0
58290,0
190326,1
9209,0
171763,1
8714,1
49117,0
7776,1
180938,0
158517,1
189934,1
52630,0
149474,1
68147,0
127855,1
35043,1
121290,0
137256,1
145387,1
7508,0
84525,0
52960,1
85797,1
62608,1
87771,0
137553,1
54395,1
182440,1
128920,1
15225,1
154007,0
21480,0
87775,0
176377,1
165753,1
76900,1
132461,0
98490,1
55115,0
171227,1
99564,0
162179,1
155729,1
109531,0
27202,0
45758,0
152745,0
125352,0
67025,0
176697,0
18133,0
84768,1
90727,1
45503,1
181547,0
57039,1
47880,1
75703,1
122543,1
107262,0
167782,1
155620,1
118940,0
12812,1
144638,1
106598,1
22692,1
43542,0
161116,1
116951,1
90795,1
65582,0
146202,0
1646,1
83145,0
15766,1
80723,0
135383,0
146742,1
45656,0
130089,1
17199,1
66847,1
60657,0
44941,1
103728,1
29450,1
130537,1
81563,0
98437,1
69083,0
122178,0
168819,1
130050,1
63625,0
15163,0
167667,1
12785,0
31916,1
66882,1
190859,1
56121,0
165440,1
128618,0
17998,0
160748,1
50097,1
56407,1
45356,1
49093,1
87174,1
16423,0
191663,1
122423,0
29687,0
98147,0
25769,1
64166,1
12062,0
128857,0
165708,1
69822,1
102122,0
66861,1
52787,1
39115,1
64866,1
175575,0
149078,1
134020,1
92760,0
189200,1
127986,1
45258,1
81270,1
91779,0
105484,1
98374,1
59427,1
32812,1
156651,0
33762,1
71968,1
25374,0
85610,0
130789,0
95083,0
36837,1
171555,1
144692,1
48626,1
164912,1
117358,1
40565,1
81156,1
152509,1
80652,0
113783,1
147391,1
46955,1
18585,1
176833,1
99579,0
77558,0
186579,1
117882,0
188185,0
183013,1
55302,1
187206,1
171603,1
81676,1
102222,1
31148,0
133886,1
13017,1
104215,0
130700,1
94921,1
58105,0
1656,1
169338,1
81170,0
135930,1
108379,0
89592,0
158935,1
24332,0
122204,1
56816,1
12420,1
101924,0
25571,1
17886,1
144034,0
116008,0
10454,1
154860,1
88733,1
171950,1
141861,1
158808,1
64145,1
57996,1
86083,1
27896,0
25709,1
153689,1
152957,1
163060,1
69850,1
86110,1
92859,0
153357,1
46342,1
148876,1
113279,1
76092,0
147956,1
36190,1
21738,0
59851,1
106161,1
78968,0
187387,1
15044,1
85813,1
131772,1
56120,1
62499,1
128922,0
76768,1
91159,0
60524,1
103329,1
160701,0
178551,1
77060,0
68628,0
34632,1
89421,0
133505,0
25277,1
97063,0
27267,1
133256,0
45163,1
15235,0
42068,1
183725,0
1396,1
149598,1
154489,0
51696,0
126091,1
101332,1
702,1
138733,0
165048,0
137236,1
119038,1
113906,1
139240,1
138325,1
98785,0
104202,1
146341,1
157904,1
48137,1
68881,1
91101,1
91384,1
18104,1
52954,1
123750,1
133004,1
78753,1
188893,1
168165,1
32336,0
9912,1
166899,0
151317,1
92253,1
25641,0
114098,1
67354,1
152641,0
175333,1
83616,0
65414,0
62180,0
38070,1
149506,1
112030,0
151203,1
19669,1
18559,1
56845,0
113116,1
27890,1
123984,1
16670,1
73293,1
38677,1
148032,1
52592,1
98015,1
65999,1
46661,1
36227,1
64581,0
147855,1
5864,0
52159,1
54071,1
6527,0
12257,1
174146,0
110535,0
131845,0
169368,1
28238,1
114177,1
48048,1
57022,0
112686,1
37299,0
100652,1
83960,1
153777,0
45366,0
92233,0
35027,1
64201,0
93719,0
14907,1
32864,0
122976,0
74614,1
12524,1
171420,1
69642,1
93966,1
188281,1
3628,1
142478,0
160335,1
156350,1
136136,0
134319,1
170864,1
122946,1
49692,0
45824,1
46340,1
104487,1
115626,1
44828,1
13806,1
67658,0
131339,0
83151,1
151362,1
60940,0
23292,1
27944,1
27998,1
84916,1
107405,1
92830,0
105180,0
41614,1
68347,0
52261,0
64419,0
114032,0
108215,1
56072,0
160863,0
24839,0
108254,1
29836,1
12515,1
184492,1
145706,0
62745,0
119982,0
118931,1
188668,0
84379,1
129485,1
87621,1
87939,1
6292,1
325,1
50680,0
140141,1
175535,1
178949,1
124528,1
2997,1
118484,0
122611,1
1652,0
90480,1
24711,1
113413,1
103613,0
33680,0
150818,1
168547,1
20025,0
52996,1
88056,1
173326,1
185213,1
110509,1
74861,0
66953,0
5038,1
130407,1
57162,1
34763,1
35922,1
65946,1
41731,1
18167,1
29112,0
100585,0
80687,1
132286,0
84116,1
186271,1
176687,0
145521,1
14486,0
132054,0
65504,0
93086,0
8637,1
143349,0
82835,1
77605,1
136236,1
88479,1
107379,1
178377,1
35657,0
35476,0
276,1
179718,1
54530,1
158753,1
38642,0
121571,1
1818,1
123452,0
78243,1
62270,0
25155,0
5613,1
153067,1
179330,0
18534,0
14608,1
48075,1
162511,1
161826,1
149318,0
23688,1
101615,0
166866,1
131751,1
162755,1
22989,1
44696,0
104367,1
18049,1
88189,1
114803,1
29331,1
94944,1
18839,1
90875,0
62699,1
30665,1
65907,1
90031,1
181655,1
165559,1
157707,1
126099,1
6014,1
39014,1
73387,0
167470,1
160293,0
55556,0
171607,1
50366,0
22655,1
111227,1
109473,0
122410,0
71347,1
190281,1
48629,0
88277,0
24037,1
28281,0
36460,1
168242,1
62111,0
44911,1
122850,1
836,0
103260,0
2396,1
20595,1
139926,1
171083,0
82588,1
29427,0
30117,0
151195,1
109330,0
143794,1
88535,1
33971,1
42417,0
162796,1
24902,1
77476,1
87077,1
184140,0
140053,0
11731,0
60526,1
93894,0
115262,0
13825,1
46358,1
147386,1
92087,1
64141,1
115836,1
152537,0
162501,1
82119,1
160970,1
99809,1
17511,0
130024,1
9179,1
126681,1
78058,1
175298,1
20194,1
149368,1
50905,1
142691,0
147362,0
50573,1
156453,1
184289,1
163446,1
9084,1
105439,1
120509,1
138131,0
40317,1
133664,1
5497,1
12998,1
97838,0
81893,0
114141,1
137900,1
49859,1
50081,0
156141,1
182747,1
120135,1
93713,0
27792,1
153527,1
107242,1
61972,0
113312,1
162254,1
172552,0
158053,1
187140,1
65656,1
78659,1
165287,1
96849,0
131814,0
83700,1
164953,1
154508,0
49694,1
16861,1
397,1
181224,0
154954,0
58573,1
134677,1
67900,0
190226,0
182029,0
24871,1
178275,1
173777,0
145848,1
57092,1
73685,1
128724,0
80903,1
89914,1
152737,1
187624,1
118847,1
91507,1
140592,1
127339,1
91467,1
32096,1
21375,0
116053,1
154805,0
145118,1
130331,0
168225,1
63200,0
158828,0
50495,0
152461,1
111507,1
100472,0
107880,1
168275,1
189644,0
57669,1
170646,0
107938,1
11543,1
144339,1
163771,1
57784,0
110858,0
7691,0
143714,1
6325,1
190177,1
44394,0
93824,1
64208,0
96729,1
60452,1
151021,1
36282,0
122363,1
58049,1
50892,1
141736,1
155103,0
93184,0
20464,1
67721,0
99612,0
92453,1
78778,1
154618,1
113502,1
159417,0
156618,1
52549,1
126840,1
40981,1
92863,0
106384,1
79626,1
93923,1
20994,0
177282,1
68440,0
165432,1
107427,0
5374,1
160471,1
2170,1
172784,1
7563,1
166794,0
177985,0
176253,0
167645,1
185901,1
120203,0
101596,1
106963,1
149792,1
190247,1
8310,0
83397,1
60477,1
94479,1
132956,1
101058,1
61483,1
9515,1
77116,1
171612,1
56255,1
155628,0
161846,1
71977,1
139074,1
146500,0
44105,0
154004,0
107560,1
127584,1
174568,1
72452,1
19885,1
99787,1
99328,1
120725,1
23404,0
123438,1
177367,1
125121,1
174907,1
181621,1
81649,1
172288,1
186965,1
38841,1
148544,1
44240,0
28718,1
147916,1
4081,1
32394,1
74809,1
3953,0
191316,1
23451,0
65080,1
146049,1
90481,1
150970,1
60104,1
85022,0
60265,1
169126,1
141239,1
63643,0
147484,1
100119,0
56860,0
1074,0
166832,1
9771,1
107630,1
119848,0
190410,1
111798,0
148174,1
180050,1
159891,1
107163,0
91042,0
143324,1
68462,1
166356,1
183940,0
129653,0
145309,0
97741,1
178264,1
8152,1
101157,1
191164,1
66265,0
19071,1
74247,1
62393,0
15361,1
171126,1
41512,1
102093,0
149569,0
38562,1
147617,1
10455,1
95096,1
183587,1
107020,1
14010,1
156997,1
186580,1
41332,1
12126,1
18066,1
539,0
121111,1
169988,1
166353,1
183421,0
43781,1
102973,1
100691,1
168799,0
148950,0
62094,1
141442,1
60372,1
7701,1
25352,1
65565,1
17782,0
62166,1
58955,1
164997,1
186218,1
134739,1
173882,1
86285,0
27222,1
32219,0
113556,1
12734,1
120045,0
80773,1
74856,1
145123,1
161229,1
67495,1
57233,1
113601,1
32103,1
68503,1
93161,1
5180,1
49521,0
61750,1
99410,1
170977,0
165368,1
137298,1
162937,1
101303,1
150546,1
155604,1
86766,1
44154,0
26317,1
36774,1
144216,1
189177,1
23486,1
78706,1
12973,1
187836,1
182160,0
77865,1
71814,1
55624,0
168580,1
125803,1
171302,1
12350,0
86939,0
70946,1
155565,0
190434,1
149173,1
26220,1
11654,1
2596,1
52793,0
63288,0
88116,1
179439,0
48134,1
143222,0
141573,1
134570,1
132980,1
63648,1
155330,1
78284,0
81659,1
111719,1
5510,1
76613,0
15695,0
148911,0
165928,1
92472,1
77161,1
137784,1
38414,1
38554,1
166511,1
137165,0
99159,0
172464,1
89813,1
179498,1
9592,1
85579,1
147960,1
85654,0
114204,1
3227,0
60121,1
114586,0
91845,0
82219,1
139363,1
72191,1
132762,1
85003,1
37489,1
138632,1
116679,0
148453,1
57432,0
18089,1
64719,1
133360,1
90947,0
84244,0
20334,1
22053,0
157574,1
143177,1
51633,1
97941,0
20167,0
94779,1
42154,1
109429,1
27968,1
125417,0
165325,1
97066,1
186162,1
162213,1
67936,0
19510,1
112647,0
17590,1
43604,1
177394,1
24150,0
186979,1
155653,1
131443,1
86593,1
33526,1
174209,1
77439,1
63790,0
164545,1
126213,1
44362,1
176300,1
187691,1
53793,1
72426,0
131064,1
78145,0
171945,1
187111,1
15700,1
151961,1
93391,1
153895,0
53775,1
29693,1
4211,1
162556,1
37697,1
177487,0
168549,1
82576,1
99139,0
107710,1
122271,0
129822,1
131979,0
57253,0
27264,1
82473,1
50360,1
66652,1
49404,1
84483,0
83173,0
150305,1
36871,1
144309,0
154858,0
183557,0
126612,1
149560,1
89626,0
129766,1
105715,1
165911,0
109090,1
21702,1
28883,0
155426,0
24896,1
151207,1
136905,1
130671,1
90899,0
59417,1
159754,1
134169,1
190808,0
145434,0
79627,1
135649,1
139081,1
23699,1
70941,0
116394,0
68613,1
23740,1
180991,1
148969,1
169589,0
135310,1
97513,1
144990,1
145911,1
108986,1
140904,1
18610,1
53367,1
70567,1
184729,0
129893,1
58850,1
24940,1
162177,1
148132,1
81065,0
187502,1
28826,1
45305,0
67524,0
150498,1
101136,0
154311,0
182319,1
72596,0
94397,1
69481,1
11324,1
21762,1
117220,1
80335,1
156393,1
87002,0
156685,1
170588,1
143117,1
15513,1
137411,0
108438,0
34909,1
180246,0
95945,0
190777,1
74853,1
86444,0
145488,0
156462,1
66262,1
25029,1
32934,1
76936,1
42238,1
29090,0
143202,1
43302,1
93649,0
101114,1
112217,1
45166,1
129945,1
30855,1
183881,1
20508,1
128779,1
3636,1
107894,1
156877,1
18917,0
115391,0
160349,1
51057,0
153319,1
187904,1
66582,0
147010,0
105371,1
91756,1
7710,1
182615,0
163592,1
127724,1
137056,1
60390,0
48642,0
3864,1
52371,1
191671,1
26406,1
38011,1
61874,1
54438,0
122194,1
106603,1
123603,1
65406,1
